Candidate ID,Candidate Name,Application Date,Gender,Age,Nationality,Education Level,Major,Years of Experience,Department,Position,Location,Source,Screening Status,Interview Status,Assessment Score,Offer Status,Final Status,Hire Date,Recruiter,Time to Hire (Days)
CAND-1001,Ahmed Ali,2026-01-05,Male,28,Saudi,Bachelor's,Human Resources,3.0,HR,HR Specialist,Jeddah,LinkedIn,Passed,Shortlisted,85,Offered,Hired,2026-01-25,Ahmad,20
CAND-1002,Fatima Salem,2026-01-06,Female,26,Saudi,Bachelor's,Business Admin,2.0,Finance,Accountant,Riyadh,Indeed,Passed,Interviewed,78,Not Applicable,Rejected,,Sara,
CAND-1003,Khaled Omar,2026-01-08,Male,32,Saudi,Master's,Information Tech,5.0,IT,Software Engineer,Jeddah,Company Website,Passed,Shortlisted,92,Offered,Accepted,2026-02-01,Fahad,24
CAND-1004,Noura Fahad,2026-01-10,Female,25,Saudi,Bachelor's,Marketing,1.5,Marketing,Marketing Coordinator,Jeddah,LinkedIn,Failed,Not Applicable,,Not Applicable,Rejected,,Sara,
CAND-1005,Saeed Nasser,2026-01-12,Male,35,Non-Saudi,Bachelor's,Accounting,7.0,Finance,Senior Accountant,Dammam,Employee Referral,Passed,Interviewed,88,Offered,Hired,2026-02-10,Noura,29
CAND-1006,Reem Abdullah,2026-01-15,Female,27,Saudi,Bachelor's,Human Resources,2.5,HR,HR Operations Officer,Jeddah,LinkedIn,Passed,Shortlisted,80,Declined,Rejected,,Ahmad,
CAND-1007,Ziyad Khalid,2026-01-18,Male,29,Saudi,Diploma,Computer Science,4.0,IT,IT Support Specialist,Riyadh,Indeed,Failed,Not Applicable,,Not Applicable,Rejected,,Sara,
CAND-1008,Maha Al-Ghamdi,2026-01-20,Female,30,Saudi,Master's,Business Admin,6.0,Operations,Operations Supervisor,Jeddah,Company Website,Passed,Interviewed,90,Offered,Hired,2026-02-20,Fahad,31
CAND-1009,Faisal,2026-01-22,Male,24,Saudi,Bachelor's,Sales & Marketing,1.0,Sales,Sales Representative,Jeddah,Job Fair,Passed,Shortlisted,70,Not Applicable,Rejected,,Sara,
CAND-1010,Lama Yousef,2026-01-25,Female,28,Saudi,Bachelor's,Human Resources,3.5,HR,HR Specialist,Jeddah,Employee Referral,Passed,Interviewed,95,Offered,Hired,2026-02-15,Ahmad,21
CAND-1011,Reem Al-Nasser,2026-02-08,Female,41,Saudi,Bachelor's,Human Resources,4.6,HR,HR Operations Officer,Jeddah,Company Website,Failed,Not Applicable,,Not Applicable,Rejected,,Noura,
CAND-1012,Noor Al-Otaibi,2026-04-27,Female,30,Saudi,Master's,Sales & Marketing,1.5,Sales,Sales Representative,Jeddah,Indeed,Pending,Not Applicable,,Not Applicable,In Progress,,Noura,
CAND-1013,Ali Al-Harbi,2026-08-22,Male,25,Saudi,Bachelor's,Information Tech,0.5,IT,Data Analyst,Jeddah,Bayt,Failed,Not Applicable,,Not Applicable,Rejected,,Fahad,
CAND-1014,Turki Al-Salem,2026-03-30,Male,43,Non-Saudi,Bachelor's,Finance,11.2,Finance,Financial Analyst,Dammam,LinkedIn,Passed,Interviewed,85,Not Applicable,Rejected,,Fahad,
CAND-1015,Turki Al-Dossari,2026-03-17,Male,38,Saudi,Bachelor's,Sales & Marketing,0.7,Sales,Sales Representative,Jeddah,Indeed,Passed,Interviewed,84,Offered,Hired,2026-04-08,Sara,22
CAND-1016,Ali Al-Salem,2026-04-20,Male,36,Saudi,Diploma,Human Resources,10.2,HR,HR Specialist,Riyadh,Indeed,Passed,Shortlisted,,Not Applicable,In Progress,,Ahmad,
CAND-1017,Sultan Al-Harbi,2026-07-25,Male,34,Saudi,Master's,Human Resources,7.4,HR,HR Analyst,Jeddah,Job Fair,Passed,Interviewed,91,Offered,Hired,2026-09-12,Khalid,49
CAND-1018,Fatima Al-Anazi,2026-01-27,Female,40,Saudi,Diploma,Computer Science,10.8,IT,IT Support Specialist,Jeddah,Indeed,Passed,Shortlisted,,Not Applicable,Withdrawn,,Sara,
CAND-1019,Ahmed Al-Mutairi,2026-06-09,Male,45,Saudi,Bachelor's,Business Admin,22.2,HR,Recruitment Coordinator,Jeddah,Indeed,Passed,Interviewed,86,Declined,Withdrawn,,Mona,
CAND-1020,Noura Al-Shehri,2026-08-14,Female,43,Saudi,Bachelor's,Information Tech,15.0,IT,Data Analyst,Jeddah,LinkedIn,Passed,Shortlisted,,Not Applicable,Withdrawn,,Fahad,
CAND-1021,Rana Al-Nasser,2026-02-23,Female,22,Saudi,Bachelor's,Business Admin,0.5,Operations,Operations Supervisor,Jeddah,Company Website,Passed,Interviewed,51,Not Applicable,Rejected,,Fahad,
CAND-1022,Faisal Al-Dossari,2026-08-28,Male,23,Saudi,Master's,Information Tech,0.9,IT,Software Engineer,Jeddah,Employee Referral,Passed,Shortlisted,,Not Applicable,In Progress,,Sara,
CAND-1023,Huda Al-Salem,2026-06-11,Female,44,Non-Saudi,Bachelor's,Business Admin,12.0,Operations,Operations Supervisor,Madinah,Employee Referral,Passed,Shortlisted,,Not Applicable,In Progress,,Fahad,
CAND-1024,Ziyad Al-Shehri,2026-07-18,Male,43,Saudi,Bachelor's,Marketing,1.8,Marketing,Marketing Coordinator,Jeddah,LinkedIn,Passed,Interviewed,78,Not Applicable,Rejected,,Ahmad,
CAND-1025,Abdullah Al-Shammari,2026-02-13,Male,26,Saudi,Bachelor's,Sales & Marketing,3.5,Sales,Sales Representative,Makkah,Job Fair,Passed,Interviewed,72,Not Applicable,Rejected,,Sara,
CAND-1026,Maha Al-Mutairi,2026-03-13,Female,28,Non-Saudi,Bachelor's,Business Admin,2.8,Operations,Operations Supervisor,Jeddah,Employee Referral,Passed,Shortlisted,,Not Applicable,In Progress,,Sara,
CAND-1027,Yousef Al-Salem,2026-02-09,Male,35,Saudi,Bachelor's,Business Admin,9.3,Sales,Account Executive,Jeddah,Company Website,Passed,Interviewed,81,Offered,Hired,2026-03-07,Sara,26
CAND-1028,Rana Al-Shammari,2026-06-07,Female,28,Saudi,Diploma,Human Resources,2.0,HR,HR Operations Officer,Jeddah,Indeed,Passed,Interviewed,88,Offered,Withdrawn,,Sara,
CAND-1029,Maha Al-Hassan,2026-09-07,Female,38,Saudi,Master's,Business Admin,11.0,HR,Recruitment Coordinator,Jeddah,Employee Referral,Pending,Not Applicable,,Not Applicable,In Progress,,Ahmad,
CAND-1030,Ahmed Al-Zahrani,2026-05-20,Male,42,Saudi,Bachelor's,Media & Communication,11.4,Marketing,Content Specialist,Jeddah,Bayt,Passed,Shortlisted,,Not Applicable,In Progress,,Sara,
CAND-1031,Yousef Al-Dossari,2026-05-01,Male,25,Saudi,Bachelor's,Marketing,0.4,Marketing,Marketing Coordinator,Jeddah,LinkedIn,Failed,Not Applicable,,Not Applicable,Rejected,,Fahad,
CAND-1032,Fatima Al-Mutairi,2026-02-14,Female,41,Saudi,Master's,Marketing,10.9,Marketing,Digital Marketing Specialist,Madinah,Employee Referral,Passed,Shortlisted,,Not Applicable,In Progress,,Noura,
CAND-1033,Majed Al-Qahtani,2026-02-06,Male,28,Non-Saudi,Bachelor's,Computer Science,5.8,IT,IT Support Specialist,Riyadh,Employee Referral,Pending,Not Applicable,,Not Applicable,In Progress,,Mona,
CAND-1034,Sara Al-Salem,2026-03-23,Female,24,Saudi,Bachelor's,Finance,1.6,Finance,Financial Analyst,Jeddah,Employee Referral,Passed,Interviewed,55,Not Applicable,Rejected,,Mona,
CAND-1035,Turki Al-Otaibi,2026-09-03,Male,43,Saudi,Bachelor's,Finance,1.7,Finance,Financial Analyst,Makkah,Indeed,Passed,Interviewed,71,Offered,Hired,2026-09-17,Khalid,14
CAND-1036,Sara Al-Ghamdi,2026-08-23,Female,32,Saudi,Master's,Computer Science,0.9,IT,IT Support Specialist,Jeddah,Job Fair,Passed,Shortlisted,,Not Applicable,In Progress,,Mona,
CAND-1037,Abdullah Al-Otaibi,2026-01-29,Male,36,Saudi,Bachelor's,Marketing,4.8,Marketing,Marketing Coordinator,Jeddah,Indeed,Passed,Interviewed,47,Not Applicable,Rejected,,Sara,
CAND-1038,Fahad Al-Otaibi,2026-03-19,Male,28,Saudi,Bachelor's,Computer Science,3.6,IT,IT Support Specialist,Riyadh,LinkedIn,Failed,Not Applicable,,Not Applicable,Rejected,,Fahad,
CAND-1039,Rana Al-Otaibi,2026-08-17,Female,39,Saudi,Bachelor's,Human Resources,5.7,HR,HR Analyst,Jeddah,Employee Referral,Passed,Shortlisted,,Not Applicable,In Progress,,Ahmad,
CAND-1040,Ziyad Al-Anazi,2026-05-09,Male,33,Saudi,Bachelor's,Human Resources,7.2,HR,HR Operations Officer,Riyadh,Bayt,Failed,Not Applicable,,Not Applicable,Rejected,,Sara,
CAND-1041,Bader Al-Amri,2026-07-16,Male,40,Saudi,Bachelor's,Information Tech,11.8,IT,Software Engineer,Jeddah,Job Fair,Passed,Interviewed,54,Not Applicable,Rejected,,Sara,
CAND-1042,Turki Al-Shammari,2026-08-30,Male,35,Saudi,Bachelor's,Sales & Marketing,5.4,Sales,Sales Representative,Riyadh,Indeed,Passed,Interviewed,75,Offered,Hired,2026-10-18,Mona,49
CAND-1043,Bader Al-Anazi,2026-05-21,Male,46,Saudi,Bachelor's,Accounting,15.1,Finance,Senior Accountant,Jeddah,Employee Referral,Passed,Pending,,Not Applicable,In Progress,,Noura,
CAND-1044,Fahad Al-Ghamdi,2026-04-14,Male,27,Saudi,Diploma,Computer Science,1.6,IT,IT Support Specialist,Jeddah,Employee Referral,Passed,Shortlisted,,Not Applicable,In Progress,,Noura,
CAND-1045,Maryam Al-Shammari,2026-01-29,Female,39,Saudi,Bachelor's,Computer Science,7.7,IT,IT Support Specialist,Jeddah,Company Website,Failed,Not Applicable,,Not Applicable,Rejected,,Mona,
CAND-1046,Maha Al-Dossari,2026-03-16,Female,34,Saudi,Master's,Sales & Marketing,4.5,Sales,Sales Representative,Jeddah,Company Website,Passed,Interviewed,99,Declined,Withdrawn,,Mona,
CAND-1047,Maha Al-Ghamdi,2026-03-03,Female,41,Saudi,Bachelor's,Marketing,12.5,Sales,Sales Coordinator,Madinah,Employee Referral,Pending,Not Applicable,,Not Applicable,In Progress,,Noura,
CAND-1048,Nasser Al-Hassan,2026-04-11,Male,41,Saudi,Diploma,Marketing,0.9,Marketing,Digital Marketing Specialist,Dammam,Indeed,Passed,Interviewed,86,Not Applicable,Rejected,,Sara,
CAND-1049,Rana Al-Amri,2026-06-22,Female,28,Non-Saudi,Bachelor's,Accounting,1.7,Finance,Senior Accountant,Jeddah,LinkedIn,Passed,Shortlisted,,Not Applicable,In Progress,,Mona,
CAND-1050,Maryam Al-Qahtani,2026-04-12,Female,35,Saudi,Diploma,Computer Science,3.6,IT,IT Support Specialist,Jeddah,Indeed,Passed,Interviewed,83,Offered,Withdrawn,,Noura,
CAND-1051,Turki Al-Nasser,2026-03-22,Male,27,Saudi,Master's,Business Admin,2.4,Operations,Operations Coordinator,Jeddah,Employee Referral,Passed,Interviewed,68,Not Applicable,Rejected,,Ahmad,
CAND-1052,Noura Al-Mutairi,2026-04-13,Female,27,Saudi,Bachelor's,Media & Communication,1.9,Marketing,Content Specialist,Jeddah,Indeed,Passed,Failed Interview,,Not Applicable,Rejected,,Noura,
CAND-1053,Noor Al-Anazi,2026-02-26,Female,30,Saudi,Bachelor's,Business Admin,1.2,Sales,Account Executive,Jeddah,LinkedIn,Failed,Not Applicable,,Not Applicable,Rejected,,Ahmad,
CAND-1054,Huda Al-Anazi,2026-01-21,Female,44,Saudi,Bachelor's,Business Admin,12.0,HR,Recruitment Coordinator,Dammam,Employee Referral,Passed,Interviewed,80,Offered,Hired,2026-03-07,Ahmad,45
CAND-1055,Reem Al-Amri,2026-03-08,Female,27,Saudi,Bachelor's,Computer Science,1.7,IT,IT Support Specialist,Jeddah,LinkedIn,Passed,Interviewed,87,Not Applicable,Rejected,,Fahad,
CAND-1056,Bader Al-Hassan,2026-07-11,Male,27,Non-Saudi,Bachelor's,Sales & Marketing,0.1,Sales,Sales Representative,Jeddah,Bayt,Passed,Shortlisted,,Not Applicable,In Progress,,Noura,
CAND-1057,Mohammed Al-Ghamdi,2026-05-19,Male,32,Saudi,Bachelor's,Accounting,0.4,Finance,Senior Accountant,Jeddah,Job Fair,Passed,Shortlisted,,Not Applicable,In Progress,,Noura,
CAND-1058,Abdullah Al-Anazi,2026-01-12,Male,31,Saudi,Diploma,Business Admin,4.4,HR,Recruitment Coordinator,Riyadh,Bayt,Passed,Interviewed,97,Offered,Hired,2026-02-04,Ahmad,23
CAND-1059,Majed Al-Dossari,2026-03-05,Male,27,Saudi,Bachelor's,Accounting,1.0,Finance,Senior Accountant,Jeddah,Employee Referral,Passed,Interviewed,52,Not Applicable,Rejected,,Khalid,
CAND-1060,Abeer Al-Hassan,2026-07-26,Female,34,Saudi,Bachelor's,Human Resources,9.7,HR,HR Analyst,Riyadh,Employee Referral,Failed,Not Applicable,,Not Applicable,Rejected,,Khalid,
CAND-1061,Reem Al-Harbi,2026-06-05,Female,36,Saudi,Bachelor's,Sales & Marketing,10.5,Sales,Sales Representative,Jeddah,Job Fair,Passed,Interviewed,48,Not Applicable,Rejected,,Noura,
CAND-1062,Noor Al-Zahrani,2026-03-30,Female,39,Saudi,Bachelor's,Accounting,16.5,Finance,Senior Accountant,Jeddah,Company Website,Passed,Failed Interview,,Not Applicable,Rejected,,Noura,
CAND-1063,Bader Al-Qahtani,2026-08-31,Male,44,Saudi,Bachelor's,Marketing,1.5,Marketing,Digital Marketing Specialist,Madinah,Indeed,Passed,Failed Interview,,Not Applicable,Rejected,,Sara,
CAND-1064,Reem Al-Anazi,2026-06-13,Female,41,Saudi,Diploma,Industrial Engineering,9.2,Operations,Quality Specialist,Riyadh,Company Website,Passed,Interviewed,62,Not Applicable,Rejected,,Khalid,
CAND-1065,Huda Al-Salem,2026-05-07,Female,28,Saudi,Diploma,Marketing,4.2,Marketing,Digital Marketing Specialist,Jeddah,LinkedIn,Failed,Not Applicable,,Not Applicable,Rejected,,Khalid,
CAND-1066,Lama Al-Anazi,2026-04-26,Female,23,Saudi,Bachelor's,Marketing,0.4,Marketing,Digital Marketing Specialist,Jeddah,LinkedIn,Failed,Not Applicable,,Not Applicable,Rejected,,Ahmad,
CAND-1067,Rana Al-Ghamdi,2026-02-26,Female,27,Saudi,Diploma,Accounting,2.5,Finance,Accountant,Jeddah,LinkedIn,Passed,Failed Interview,,Not Applicable,Rejected,,Mona,
CAND-1068,Saeed Al-Hassan,2026-07-27,Male,36,Saudi,Bachelor's,Business Admin,7.9,Sales,Account Executive,Jeddah,LinkedIn,Pending,Not Applicable,,Not Applicable,In Progress,,Noura,
CAND-1069,Omar Al-Shammari,2026-06-12,Male,22,Saudi,Bachelor's,Human Resources,0.8,HR,HR Specialist,Riyadh,Job Fair,Passed,Interviewed,58,Not Applicable,Rejected,,Noura,
CAND-1070,Turki Al-Dossari,2026-07-19,Male,27,Saudi,Bachelor's,Marketing,1.4,Marketing,Marketing Coordinator,Jeddah,Company Website,Passed,Interviewed,80,Offered,Hired,2026-09-02,Fahad,45
CAND-1071,Huda Al-Salem,2026-01-22,Female,41,Saudi,Master's,Industrial Engineering,6.8,Operations,Quality Specialist,Riyadh,Bayt,Pending,Not Applicable,,Not Applicable,In Progress,,Ahmad,
CAND-1072,Noura Al-Amri,2026-03-31,Female,35,Saudi,Diploma,Business Admin,3.7,Operations,Operations Supervisor,Jeddah,Job Fair,Passed,Interviewed,89,Not Applicable,Rejected,,Mona,
CAND-1073,Bader Al-Qahtani,2026-03-29,Male,33,Saudi,Bachelor's,Marketing,6.2,Marketing,Digital Marketing Specialist,Makkah,Indeed,Passed,Interviewed,85,Not Applicable,Rejected,,Ahmad,
CAND-1074,Saeed Al-Anazi,2026-06-19,Male,39,Saudi,Bachelor's,Industrial Engineering,16.1,Operations,Quality Specialist,Riyadh,LinkedIn,Passed,Failed Interview,,Not Applicable,Rejected,,Mona,
CAND-1075,Rana Al-Otaibi,2026-08-23,Female,37,Saudi,Diploma,Sales & Marketing,5.6,Sales,Sales Representative,Jeddah,Job Fair,Passed,Failed Interview,,Not Applicable,Rejected,,Sara,
CAND-1076,Sultan Al-Zahrani,2026-03-20,Male,23,Saudi,Diploma,Computer Science,1.0,IT,IT Support Specialist,Jeddah,Bayt,Passed,Shortlisted,,Not Applicable,In Progress,,Noura,
CAND-1077,Majed Al-Dossari,2026-02-01,Male,39,Saudi,Bachelor's,Marketing,14.8,Marketing,Digital Marketing Specialist,Jeddah,Employee Referral,Passed,Failed Interview,,Not Applicable,Rejected,,Khalid,
CAND-1078,Reem Al-Zahrani,2026-03-03,Female,38,Saudi,Bachelor's,Media & Communication,14.5,Marketing,Content Specialist,Jeddah,Company Website,Passed,Shortlisted,,Not Applicable,In Progress,,Fahad,
CAND-1079,Ali Al-Harbi,2026-03-18,Male,45,Saudi,Diploma,Human Resources,14.9,HR,HR Analyst,Madinah,LinkedIn,Passed,Interviewed,47,Not Applicable,Rejected,,Mona,
CAND-1080,Dana Al-Mutairi,2026-08-27,Female,22,Saudi,Bachelor's,Computer Science,0.0,IT,IT Support Specialist,Jeddah,Employee Referral,Passed,Interviewed,63,Not Applicable,Rejected,,Sara,
CAND-1081,Omar Al-Dossari,2026-09-11,Male,46,Saudi,Bachelor's,Sales & Marketing,18.5,Sales,Sales Representative,Dammam,Job Fair,Failed,Not Applicable,,Not Applicable,Rejected,,Ahmad,
CAND-1082,Faisal Al-Qahtani,2026-01-17,Male,43,Saudi,Bachelor's,Finance,13.8,Finance,Financial Analyst,Jeddah,Employee Referral,Passed,Interviewed,98,Offered,Hired,2026-02-22,Sara,36
CAND-1083,Rana Al-Anazi,2026-02-20,Female,27,Saudi,Bachelor's,Finance,2.8,Finance,Financial Analyst,Riyadh,Bayt,Failed,Not Applicable,,Not Applicable,Rejected,,Fahad,
CAND-1084,Noor Al-Qahtani,2026-04-05,Female,27,Non-Saudi,Bachelor's,Computer Science,3.7,IT,IT Support Specialist,Jeddah,Employee Referral,Passed,Shortlisted,,Not Applicable,Withdrawn,,Ahmad,
CAND-1085,Khaled Al-Dossari,2026-06-03,Male,45,Saudi,Bachelor's,Business Admin,21.7,Operations,Operations Coordinator,Jeddah,Indeed,Passed,Interviewed,70,Declined,Withdrawn,,Khalid,
CAND-1086,Noor Al-Dossari,2026-06-24,Female,28,Saudi,Bachelor's,Marketing,2.5,Sales,Sales Coordinator,Jeddah,LinkedIn,Failed,Not Applicable,,Not Applicable,Rejected,,Mona,
CAND-1087,Noura Al-Harbi,2026-04-02,Female,22,Saudi,Bachelor's,Human Resources,0.9,HR,HR Analyst,Jeddah,Employee Referral,Failed,Not Applicable,,Not Applicable,Rejected,,Mona,
CAND-1088,Bader Al-Ghamdi,2026-09-01,Male,23,Saudi,Diploma,Information Tech,0.6,IT,Data Analyst,Riyadh,Indeed,Passed,Shortlisted,,Not Applicable,In Progress,,Noura,
CAND-1089,Khaled Al-Shammari,2026-07-13,Male,33,Non-Saudi,Bachelor's,Media & Communication,6.6,Marketing,Content Specialist,Riyadh,Indeed,Passed,Interviewed,90,Not Applicable,Rejected,,Fahad,
CAND-1090,Sara Al-Otaibi,2026-04-12,Female,36,Non-Saudi,Master's,Human Resources,10.1,HR,HR Specialist,Dammam,Job Fair,Passed,Interviewed,66,Not Applicable,Rejected,,Sara,
CAND-1091,Dana Al-Amri,2026-07-07,Female,23,Saudi,Master's,Computer Science,0.0,IT,IT Support Specialist,Jeddah,Employee Referral,Failed,Not Applicable,,Not Applicable,Rejected,,Fahad,
CAND-1092,Ghada Al-Harbi,2026-01-16,Female,29,Saudi,Diploma,Marketing,6.3,Marketing,Digital Marketing Specialist,Riyadh,Employee Referral,Failed,Not Applicable,,Not Applicable,Rejected,,Mona,
CAND-1093,Ghada Al-Amri,2026-03-30,Female,45,Saudi,Master's,Human Resources,11.0,HR,HR Analyst,Jeddah,Company Website,Failed,Not Applicable,,Not Applicable,Rejected,,Sara,
CAND-1094,Bader Al-Anazi,2026-07-08,Male,37,Saudi,Bachelor's,Media & Communication,2.7,Marketing,Content Specialist,Jeddah,Job Fair,Failed,Not Applicable,,Not Applicable,Rejected,,Ahmad,
CAND-1095,Ali Al-Nasser,2026-06-29,Male,34,Saudi,Diploma,Sales & Marketing,12.0,Sales,Sales Representative,Makkah,LinkedIn,Pending,Not Applicable,,Not Applicable,In Progress,,Sara,
CAND-1096,Reem Al-Mutairi,2026-07-09,Female,44,Saudi,Master's,Marketing,13.6,Marketing,Marketing Coordinator,Jeddah,Indeed,Passed,Failed Interview,,Not Applicable,Rejected,,Sara,
CAND-1097,Dana Al-Shehri,2026-04-25,Female,43,Saudi,Bachelor's,Human Resources,14.8,HR,HR Operations Officer,Madinah,Employee Referral,Passed,Interviewed,93,Not Applicable,Rejected,,Noura,
CAND-1098,Ali Al-Nasser,2026-02-18,Male,43,Saudi,Bachelor's,Marketing,1.5,Sales,Sales Coordinator,Makkah,Indeed,Passed,Pending,,Not Applicable,In Progress,,Sara,
CAND-1099,Ali Al-Shammari,2026-06-08,Male,26,Saudi,Bachelor's,Marketing,1.9,Sales,Sales Coordinator,Jeddah,Indeed,Passed,Pending,,Not Applicable,In Progress,,Sara,
CAND-1100,Fatima Al-Nasser,2026-06-07,Female,29,Saudi,Bachelor's,Computer Science,1.2,IT,IT Support Specialist,Jeddah,Indeed,Passed,Interviewed,45,Not Applicable,Rejected,,Sara,
CAND-1101,Maha Al-Otaibi,2026-04-18,Female,43,Non-Saudi,Master's,Accounting,16.4,Finance,Accountant,Makkah,Bayt,Failed,Not Applicable,,Not Applicable,Rejected,,Khalid,
CAND-1102,Lama Al-Salem,2026-07-30,Female,43,Saudi,Master's,Human Resources,6.0,HR,HR Operations Officer,Makkah,Employee Referral,Passed,Failed Interview,,Not Applicable,Rejected,,Fahad,
CAND-1103,Sultan Al-Hassan,2026-01-31,Male,30,Saudi,Diploma,Human Resources,2.4,HR,HR Analyst,Makkah,Indeed,Pending,Not Applicable,,Not Applicable,In Progress,,Noura,
CAND-1104,Mohammed Al-Zahrani,2026-08-22,Male,40,Saudi,Bachelor's,Human Resources,17.7,HR,HR Specialist,Dammam,LinkedIn,Passed,Interviewed,87,Not Applicable,Rejected,,Noura,
CAND-1105,Nasser Al-Ghamdi,2026-07-02,Male,43,Saudi,Bachelor's,Information Tech,6.3,IT,Software Engineer,Jeddah,Indeed,Failed,Not Applicable,,Not Applicable,Rejected,,Khalid,
CAND-1106,Maha Al-Dossari,2026-01-15,Female,45,Saudi,Diploma,Marketing,2.4,Marketing,Marketing Coordinator,Madinah,Job Fair,Passed,Failed Interview,,Not Applicable,Rejected,,Noura,
CAND-1107,Omar Al-Salem,2026-02-27,Male,40,Saudi,Master's,Marketing,16.3,Sales,Sales Coordinator,Jeddah,LinkedIn,Passed,Interviewed,98,Not Applicable,Rejected,,Mona,
CAND-1108,Bader Al-Amri,2026-06-11,Male,36,Non-Saudi,Bachelor's,Accounting,1.9,Finance,Accountant,Dammam,Bayt,Failed,Not Applicable,,Not Applicable,Rejected,,Khalid,
CAND-1109,Ibrahim Al-Salem,2026-03-15,Male,39,Saudi,Diploma,Business Admin,16.7,HR,Recruitment Coordinator,Jeddah,LinkedIn,Passed,Shortlisted,,Not Applicable,In Progress,,Noura,
CAND-1110,Abeer Al-Anazi,2026-04-30,Female,37,Saudi,Diploma,Business Admin,2.9,Sales,Account Executive,Riyadh,LinkedIn,Passed,Shortlisted,,Not Applicable,Withdrawn,,Ahmad,
CAND-1111,Aisha Al-Shammari,2026-03-30,Female,37,Saudi,Bachelor's,Business Admin,1.7,Sales,Account Executive,Jeddah,Company Website,Passed,Pending,,Not Applicable,In Progress,,Ahmad,
CAND-1112,Aisha Al-Salem,2026-02-19,Female,32,Saudi,Bachelor's,Business Admin,6.6,Operations,Operations Coordinator,Jeddah,LinkedIn,Pending,Not Applicable,,Not Applicable,In Progress,,Ahmad,
CAND-1113,Reem Al-Amri,2026-02-18,Female,38,Saudi,Bachelor's,Human Resources,11.4,HR,HR Analyst,Riyadh,LinkedIn,Passed,Interviewed,49,Not Applicable,Rejected,,Ahmad,
CAND-1114,Noor Al-Harbi,2026-04-13,Female,46,Saudi,Diploma,Marketing,5.0,Marketing,Digital Marketing Specialist,Dammam,Indeed,Failed,Not Applicable,,Not Applicable,Rejected,,Khalid,
CAND-1115,Khaled Al-Mutairi,2026-02-09,Male,37,Non-Saudi,Bachelor's,Business Admin,9.5,Operations,Operations Supervisor,Jeddah,Job Fair,Failed,Not Applicable,,Not Applicable,Rejected,,Sara,
CAND-1116,Dana Al-Nasser,2026-05-04,Female,40,Non-Saudi,Bachelor's,Sales & Marketing,6.2,Sales,Sales Representative,Jeddah,Job Fair,Failed,Not Applicable,,Not Applicable,Rejected,,Ahmad,
CAND-1117,Ghada Al-Shehri,2026-04-10,Female,22,Non-Saudi,Bachelor's,Marketing,0.9,Marketing,Digital Marketing Specialist,Dammam,Bayt,Failed,Not Applicable,,Not Applicable,Rejected,,Fahad,
CAND-1118,Noor Al-Otaibi,2026-02-26,Female,23,Saudi,Master's,Marketing,0.3,Marketing,Marketing Coordinator,Jeddah,Employee Referral,Passed,Shortlisted,,Not Applicable,In Progress,,Ahmad,
CAND-1119,Hanan Al-Zahrani,2026-06-19,Female,36,Saudi,Master's,Accounting,11.0,Finance,Accountant,Jeddah,Job Fair,Passed,Interviewed,47,Not Applicable,Rejected,,Khalid,
CAND-1120,Noor Al-Salem,2026-03-26,Female,23,Saudi,Bachelor's,Computer Science,0.7,IT,IT Support Specialist,Jeddah,Employee Referral,Passed,Interviewed,100,Not Applicable,Rejected,,Ahmad,
CAND-1121,Abdullah Al-Salem,2026-03-28,Male,38,Saudi,Bachelor's,Accounting,0.7,Finance,Senior Accountant,Dammam,Indeed,Passed,Failed Interview,,Not Applicable,Rejected,,Fahad,
CAND-1122,Faisal Al-Zahrani,2026-04-22,Male,45,Saudi,Bachelor's,Finance,21.1,Finance,Financial Analyst,Jeddah,Company Website,Passed,Shortlisted,,Not Applicable,In Progress,,Fahad,
CAND-1123,Bader Al-Anazi,2026-04-27,Male,38,Non-Saudi,Bachelor's,Information Tech,11.2,IT,Data Analyst,Dammam,Bayt,Passed,Interviewed,45,Not Applicable,Rejected,,Fahad,
CAND-1124,Reem Al-Amri,2026-06-02,Female,31,Saudi,Bachelor's,Marketing,4.9,Sales,Sales Coordinator,Dammam,Indeed,Passed,Pending,,Not Applicable,In Progress,,Mona,
CAND-1125,Fatima Al-Shehri,2026-07-08,Female,24,Saudi,Master's,Human Resources,0.6,HR,HR Operations Officer,Jeddah,Bayt,Passed,Interviewed,69,Not Applicable,Rejected,,Fahad,
CAND-1126,Maryam Al-Hassan,2026-08-22,Female,26,Saudi,Bachelor's,Human Resources,3.4,HR,HR Specialist,Jeddah,Bayt,Passed,Interviewed,58,Not Applicable,Rejected,,Mona,
CAND-1127,Noura Al-Anazi,2026-08-02,Female,28,Saudi,Bachelor's,Industrial Engineering,4.2,Operations,Quality Specialist,Jeddah,Indeed,Failed,Not Applicable,,Not Applicable,Rejected,,Khalid,
CAND-1128,Fahad Al-Salem,2026-07-28,Male,35,Saudi,Bachelor's,Sales & Marketing,4.0,Sales,Sales Representative,Jeddah,Job Fair,Passed,Interviewed,100,Declined,Withdrawn,,Ahmad,
CAND-1129,Noor Al-Dossari,2026-07-27,Female,46,Saudi,Bachelor's,Accounting,1.8,Finance,Senior Accountant,Makkah,Company Website,Passed,Failed Interview,,Not Applicable,Rejected,,Khalid,
CAND-1130,Sultan Al-Nasser,2026-04-28,Male,38,Saudi,Bachelor's,Information Tech,0.9,IT,Data Analyst,Jeddah,Employee Referral,Passed,Interviewed,48,Not Applicable,Rejected,,Noura,
CAND-1131,Ghada Al-Shehri,2026-05-20,Female,46,Saudi,Diploma,Computer Science,6.8,IT,IT Support Specialist,Jeddah,Job Fair,Failed,Not Applicable,,Not Applicable,Rejected,,Sara,
CAND-1132,Yousef Al-Harbi,2026-01-10,Male,33,Saudi,Master's,Information Tech,7.1,IT,Data Analyst,Riyadh,Indeed,Passed,Interviewed,94,Not Applicable,Rejected,,Fahad,
CAND-1133,Fatima Al-Amri,2026-06-26,Female,36,Saudi,Master's,Marketing,10.8,Marketing,Digital Marketing Specialist,Jeddah,Job Fair,Passed,Interviewed,55,Not Applicable,Rejected,,Sara,
CAND-1134,Maha Al-Hassan,2026-08-04,Female,26,Saudi,Bachelor's,Industrial Engineering,2.7,Operations,Quality Specialist,Jeddah,Company Website,Passed,Interviewed,59,Not Applicable,Rejected,,Khalid,
CAND-1135,Hassan Al-Dossari,2026-03-28,Male,22,Non-Saudi,Master's,Accounting,0.2,Finance,Accountant,Jeddah,Job Fair,Passed,Interviewed,73,Not Applicable,Rejected,,Noura,
CAND-1136,Hanan Al-Hassan,2026-06-10,Female,44,Saudi,Bachelor's,Business Admin,18.7,Operations,Operations Supervisor,Riyadh,Bayt,Passed,Interviewed,71,Not Applicable,Rejected,,Ahmad,
CAND-1137,Ahmed Al-Qahtani,2026-01-15,Male,24,Saudi,Bachelor's,Marketing,0.6,Sales,Sales Coordinator,Dammam,Employee Referral,Failed,Not Applicable,,Not Applicable,Rejected,,Mona,
CAND-1138,Ibrahim Al-Otaibi,2026-04-18,Male,33,Non-Saudi,Bachelor's,Business Admin,0.6,HR,Recruitment Coordinator,Jeddah,Indeed,Pending,Not Applicable,,Not Applicable,In Progress,,Ahmad,
CAND-1139,Majed Al-Harbi,2026-06-06,Male,25,Saudi,Bachelor's,Information Tech,2.5,IT,Software Engineer,Jeddah,Company Website,Passed,Failed Interview,,Not Applicable,Rejected,,Sara,
CAND-1140,Saeed Al-Mutairi,2026-04-29,Male,40,Saudi,Bachelor's,Marketing,0.4,Sales,Sales Coordinator,Jeddah,Company Website,Failed,Not Applicable,,Not Applicable,Rejected,,Khalid,
CAND-1141,Huda Al-Zahrani,2026-06-09,Female,27,Saudi,Bachelor's,Information Tech,0.1,IT,Data Analyst,Jeddah,LinkedIn,Pending,Not Applicable,,Not Applicable,In Progress,,Fahad,
CAND-1142,Sultan Al-Ghamdi,2026-06-06,Male,25,Non-Saudi,Bachelor's,Marketing,1.8,Marketing,Digital Marketing Specialist,Jeddah,Bayt,Failed,Not Applicable,,Not Applicable,Rejected,,Noura,
CAND-1143,Ali Al-Anazi,2026-01-08,Male,38,Saudi,Bachelor's,Accounting,11.9,Finance,Accountant,Jeddah,LinkedIn,Pending,Not Applicable,,Not Applicable,In Progress,,Fahad,
CAND-1144,Aisha Al-Anazi,2026-08-26,Female,33,Saudi,Bachelor's,Accounting,8.6,Finance,Accountant,Riyadh,Company Website,Passed,Interviewed,57,Not Applicable,Rejected,,Noura,
CAND-1145,Khaled Al-Qahtani,2026-08-16,Male,34,Saudi,Master's,Computer Science,7.0,IT,IT Support Specialist,Jeddah,Employee Referral,Failed,Not Applicable,,Not Applicable,Rejected,,Khalid,
CAND-1146,Dana Al-Salem,2026-04-19,Female,37,Saudi,Bachelor's,Human Resources,2.5,HR,HR Analyst,Riyadh,Company Website,Passed,Shortlisted,,Not Applicable,In Progress,,Ahmad,
CAND-1147,Omar Al-Hassan,2026-08-28,Male,34,Saudi,Bachelor's,Accounting,4.9,Finance,Senior Accountant,Jeddah,Job Fair,Passed,Interviewed,66,Not Applicable,Rejected,,Fahad,
CAND-1148,Fatima Al-Hassan,2026-06-05,Female,45,Saudi,Bachelor's,Accounting,7.4,Finance,Accountant,Jeddah,Indeed,Failed,Not Applicable,,Not Applicable,Rejected,,Ahmad,
CAND-1149,Dana Al-Hassan,2026-04-25,Female,27,Saudi,Bachelor's,Finance,0.6,Finance,Financial Analyst,Riyadh,Job Fair,Passed,Interviewed,54,Not Applicable,Rejected,,Mona,
CAND-1150,Noura Al-Hassan,2026-06-02,Female,41,Non-Saudi,Bachelor's,Accounting,4.8,Finance,Senior Accountant,Jeddah,LinkedIn,Failed,Not Applicable,,Not Applicable,Rejected,,Khalid,
CAND-1151,Ghada Al-Salem,2026-03-17,Female,22,Saudi,Master's,Business Admin,0.5,Operations,Operations Supervisor,Dammam,Bayt,Passed,Failed Interview,,Not Applicable,Rejected,,Noura,
CAND-1152,Saeed Al-Otaibi,2026-04-09,Male,30,Saudi,Bachelor's,Computer Science,7.6,IT,IT Support Specialist,Makkah,Employee Referral,Passed,Failed Interview,,Not Applicable,Rejected,,Sara,
CAND-1153,Khaled Al-Nasser,2026-07-08,Male,33,Saudi,Bachelor's,Media & Communication,3.4,Marketing,Content Specialist,Riyadh,Bayt,Passed,Interviewed,84,Offered,Hired,2026-08-16,Sara,39
CAND-1154,Bader Al-Shehri,2026-06-25,Male,44,Saudi,Bachelor's,Accounting,11.0,Finance,Senior Accountant,Riyadh,Company Website,Passed,Interviewed,68,Not Applicable,Rejected,,Noura,
CAND-1155,Turki Al-Otaibi,2026-08-28,Male,34,Saudi,Bachelor's,Sales & Marketing,7.7,Sales,Sales Representative,Jeddah,LinkedIn,Passed,Failed Interview,,Not Applicable,Rejected,,Ahmad,
CAND-1156,Khaled Al-Nasser,2026-05-18,Male,43,Saudi,Bachelor's,Accounting,2.7,Finance,Senior Accountant,Makkah,Bayt,Pending,Not Applicable,,Not Applicable,In Progress,,Ahmad,
CAND-1157,Abdullah Al-Qahtani,2026-03-08,Male,28,Saudi,Bachelor's,Business Admin,0.1,HR,Recruitment Coordinator,Jeddah,Job Fair,Failed,Not Applicable,,Not Applicable,Rejected,,Noura,
CAND-1158,Fatima Al-Amri,2026-03-15,Female,23,Saudi,Bachelor's,Information Tech,0.3,IT,Software Engineer,Dammam,Company Website,Passed,Shortlisted,,Not Applicable,In Progress,,Sara,
CAND-1159,Maryam Al-Ghamdi,2026-06-30,Female,42,Non-Saudi,Bachelor's,Information Tech,2.3,IT,Data Analyst,Jeddah,Employee Referral,Passed,Interviewed,72,Not Applicable,Rejected,,Ahmad,
CAND-1160,Saeed Al-Anazi,2026-09-07,Male,26,Non-Saudi,Bachelor's,Accounting,3.8,Finance,Accountant,Dammam,Company Website,Passed,Interviewed,79,Offered,Hired,2026-09-28,Noura,21
CAND-1161,Abdullah Al-Mutairi,2026-03-04,Male,42,Non-Saudi,Master's,Human Resources,7.8,HR,HR Analyst,Jeddah,Indeed,Passed,Failed Interview,,Not Applicable,Rejected,,Fahad,
CAND-1162,Fatima Al-Mutairi,2026-05-30,Female,23,Saudi,Bachelor's,Marketing,0.5,Marketing,Digital Marketing Specialist,Riyadh,Employee Referral,Failed,Not Applicable,,Not Applicable,Rejected,,Fahad,
CAND-1163,Ghada Al-Amri,2026-07-06,Female,38,Saudi,Bachelor's,Business Admin,2.2,Operations,Operations Coordinator,Riyadh,Indeed,Passed,Shortlisted,,Not Applicable,In Progress,,Mona,
CAND-1164,Saeed Al-Shammari,2026-01-16,Male,24,Non-Saudi,Master's,Business Admin,0.2,Operations,Operations Coordinator,Jeddah,Employee Referral,Passed,Interviewed,59,Not Applicable,Rejected,,Fahad,
CAND-1165,Noor Al-Shehri,2026-01-29,Female,24,Saudi,Bachelor's,Media & Communication,0.2,Marketing,Content Specialist,Jeddah,Job Fair,Failed,Not Applicable,,Not Applicable,Rejected,,Mona,
CAND-1166,Fahad Al-Dossari,2026-07-20,Male,41,Saudi,Bachelor's,Media & Communication,9.3,Marketing,Content Specialist,Jeddah,Job Fair,Passed,Pending,,Not Applicable,In Progress,,Khalid,
CAND-1167,Abdullah Al-Qahtani,2026-05-23,Male,23,Saudi,Bachelor's,Information Tech,0.1,IT,Data Analyst,Jeddah,Company Website,Passed,Interviewed,68,Not Applicable,Rejected,,Noura,
CAND-1168,Noura Al-Qahtani,2026-06-19,Female,22,Non-Saudi,Bachelor's,Marketing,0.9,Marketing,Marketing Coordinator,Jeddah,Bayt,Passed,Interviewed,85,Offered,Hired,2026-07-25,Mona,36
CAND-1169,Nasser Al-Hassan,2026-01-27,Male,41,Saudi,Bachelor's,Business Admin,6.6,Operations,Operations Supervisor,Dammam,Employee Referral,Pending,Not Applicable,,Not Applicable,In Progress,,Ahmad,
CAND-1170,Lama Al-Hassan,2026-07-21,Female,25,Saudi,Bachelor's,Marketing,0.7,Sales,Sales Coordinator,Riyadh,Bayt,Pending,Not Applicable,,Not Applicable,In Progress,,Sara,
CAND-1171,Fahad Al-Shehri,2026-07-10,Male,28,Saudi,Bachelor's,Business Admin,4.3,Operations,Operations Supervisor,Jeddah,Employee Referral,Passed,Shortlisted,,Not Applicable,In Progress,,Noura,
CAND-1172,Fahad Al-Shehri,2026-01-10,Male,31,Saudi,Master's,Accounting,5.7,Finance,Accountant,Jeddah,LinkedIn,Passed,Interviewed,77,Not Applicable,Rejected,,Fahad,
CAND-1173,Saeed Al-Otaibi,2026-02-19,Male,36,Saudi,Bachelor's,Industrial Engineering,2.6,Operations,Quality Specialist,Jeddah,Job Fair,Pending,Not Applicable,,Not Applicable,In Progress,,Sara,
CAND-1174,Hassan Al-Shammari,2026-06-05,Male,42,Saudi,Bachelor's,Finance,18.4,Finance,Financial Analyst,Dammam,Employee Referral,Passed,Interviewed,63,Not Applicable,Rejected,,Sara,
CAND-1175,Sara Al-Nasser,2026-07-30,Female,34,Saudi,Bachelor's,Finance,1.4,Finance,Financial Analyst,Jeddah,Employee Referral,Passed,Interviewed,81,Not Applicable,Rejected,,Fahad,
CAND-1176,Ahmed Al-Harbi,2026-06-29,Male,22,Saudi,Bachelor's,Business Admin,0.8,Operations,Operations Supervisor,Jeddah,Company Website,Passed,Interviewed,84,Declined,Withdrawn,,Sara,
CAND-1177,Reem Al-Otaibi,2026-07-23,Female,23,Saudi,Bachelor's,Human Resources,0.8,HR,HR Specialist,Madinah,Job Fair,Passed,Failed Interview,,Not Applicable,Rejected,,Fahad,
CAND-1178,Ibrahim Al-Salem,2026-04-10,Male,24,Saudi,Bachelor's,Media & Communication,1.3,Marketing,Content Specialist,Dammam,Bayt,Passed,Interviewed,67,Not Applicable,Rejected,,Khalid,
CAND-1179,Omar Al-Shammari,2026-06-28,Male,33,Saudi,Bachelor's,Business Admin,10.5,Operations,Operations Coordinator,Jeddah,Bayt,Failed,Not Applicable,,Not Applicable,Rejected,,Mona,
CAND-1180,Bader Al-Zahrani,2026-07-23,Male,45,Non-Saudi,Bachelor's,Business Admin,9.5,HR,Recruitment Coordinator,Jeddah,Bayt,Pending,Not Applicable,,Not Applicable,In Progress,,Khalid,
CAND-1181,Maryam Al-Otaibi,2026-04-07,Female,37,Saudi,Bachelor's,Business Admin,7.4,Sales,Account Executive,Jeddah,Company Website,Passed,Shortlisted,,Not Applicable,In Progress,,Mona,
CAND-1182,Lama Al-Shammari,2026-01-29,Female,31,Saudi,Bachelor's,Information Tech,1.1,IT,Software Engineer,Riyadh,Company Website,Passed,Interviewed,80,Offered,Hired,2026-02-16,Noura,18
CAND-1183,Ziyad Al-Shehri,2026-05-20,Male,41,Saudi,Bachelor's,Information Tech,15.4,IT,Data Analyst,Jeddah,Indeed,Passed,Pending,,Not Applicable,In Progress,,Mona,
CAND-1184,Abdullah Al-Otaibi,2026-07-30,Male,30,Saudi,Diploma,Information Tech,4.3,IT,Data Analyst,Jeddah,LinkedIn,Passed,Interviewed,77,Not Applicable,Rejected,,Noura,
CAND-1185,Noura Al-Zahrani,2026-06-16,Female,25,Saudi,Bachelor's,Finance,2.9,Finance,Financial Analyst,Jeddah,Company Website,Failed,Not Applicable,,Not Applicable,Rejected,,Sara,
CAND-1186,Yousef Al-Anazi,2026-07-11,Male,30,Saudi,Bachelor's,Information Tech,5.0,IT,Data Analyst,Jeddah,Company Website,Passed,Shortlisted,,Not Applicable,In Progress,,Khalid,
CAND-1187,Rana Al-Mutairi,2026-03-03,Female,32,Saudi,Diploma,Human Resources,3.4,HR,HR Specialist,Jeddah,Bayt,Passed,Shortlisted,,Not Applicable,Withdrawn,,Mona,
CAND-1188,Ghada Al-Nasser,2026-04-27,Female,45,Saudi,Bachelor's,Media & Communication,7.1,Marketing,Content Specialist,Jeddah,Company Website,Failed,Not Applicable,,Not Applicable,Rejected,,Sara,
CAND-1189,Khaled Al-Ghamdi,2026-08-03,Male,31,Saudi,Master's,Human Resources,3.7,HR,HR Operations Officer,Jeddah,Bayt,Passed,Failed Interview,,Not Applicable,Rejected,,Mona,
CAND-1190,Ahmed Al-Qahtani,2026-08-12,Male,37,Saudi,Bachelor's,Media & Communication,6.7,Marketing,Content Specialist,Jeddah,Job Fair,Passed,Failed Interview,,Not Applicable,Rejected,,Noura,
CAND-1191,Maha Al-Harbi,2026-06-24,Female,36,Saudi,Master's,Information Tech,0.4,IT,Data Analyst,Jeddah,Company Website,Pending,Not Applicable,,Not Applicable,In Progress,,Fahad,
CAND-1192,Bader Al-Amri,2026-06-06,Male,38,Saudi,Bachelor's,Information Tech,2.4,IT,Data Analyst,Riyadh,Bayt,Passed,Failed Interview,,Not Applicable,Rejected,,Ahmad,
CAND-1193,Aisha Al-Otaibi,2026-07-25,Female,28,Saudi,Master's,Sales & Marketing,3.1,Sales,Sales Representative,Dammam,Employee Referral,Passed,Interviewed,97,Offered,Hired,2026-08-23,Mona,29
CAND-1194,Khaled Al-Shammari,2026-02-04,Male,41,Saudi,Bachelor's,Computer Science,13.2,IT,IT Support Specialist,Jeddah,Company Website,Passed,Interviewed,67,Not Applicable,Rejected,,Mona,
CAND-1195,Faisal Al-Dossari,2026-04-23,Male,44,Saudi,Bachelor's,Information Tech,12.0,IT,Software Engineer,Jeddah,Company Website,Passed,Interviewed,53,Not Applicable,Rejected,,Mona,
CAND-1196,Khaled Al-Otaibi,2026-02-12,Male,46,Saudi,Bachelor's,Business Admin,12.0,Operations,Operations Coordinator,Jeddah,Indeed,Passed,Interviewed,67,Not Applicable,Rejected,,Khalid,
CAND-1197,Rana Al-Nasser,2026-08-24,Female,41,Saudi,Bachelor's,Information Tech,3.2,IT,Data Analyst,Jeddah,Bayt,Passed,Interviewed,52,Not Applicable,Rejected,,Mona,
CAND-1198,Dana Al-Anazi,2026-02-11,Female,36,Saudi,Bachelor's,Business Admin,5.0,Operations,Operations Supervisor,Jeddah,Indeed,Failed,Not Applicable,,Not Applicable,Rejected,,Noura,
CAND-1199,Rana Al-Dossari,2026-09-01,Female,32,Saudi,Bachelor's,Accounting,9.0,Finance,Senior Accountant,Riyadh,Indeed,Passed,Interviewed,93,Not Applicable,Rejected,,Noura,
CAND-1200,Sara Al-Otaibi,2026-01-07,Female,23,Saudi,Diploma,Marketing,0.9,Marketing,Digital Marketing Specialist,Jeddah,LinkedIn,Failed,Not Applicable,,Not Applicable,Rejected,,Fahad,
CAND-1201,Turki Al-Mutairi,2026-02-02,Male,46,Saudi,Bachelor's,Marketing,10.5,Marketing,Digital Marketing Specialist,Jeddah,LinkedIn,Failed,Not Applicable,,Not Applicable,Rejected,,Ahmad,
CAND-1202,Fahad Al-Hassan,2026-05-06,Male,41,Saudi,Bachelor's,Business Admin,12.4,Operations,Operations Supervisor,Jeddah,Employee Referral,Passed,Interviewed,100,Offered,Accepted,,Khalid,
CAND-1203,Abeer Al-Dossari,2026-07-25,Female,42,Saudi,Bachelor's,Accounting,10.4,Finance,Accountant,Jeddah,Indeed,Passed,Interviewed,62,Not Applicable,Rejected,,Mona,
CAND-1204,Ziyad Al-Harbi,2026-07-22,Male,45,Saudi,Master's,Business Admin,21.8,Operations,Operations Supervisor,Jeddah,Company Website,Passed,Shortlisted,,Not Applicable,In Progress,,Sara,
CAND-1205,Abeer Al-Mutairi,2026-04-28,Female,35,Saudi,Master's,Business Admin,7.0,Operations,Operations Coordinator,Jeddah,Bayt,Passed,Interviewed,74,Not Applicable,Rejected,,Noura,
CAND-1206,Dana Al-Shammari,2026-03-18,Female,40,Saudi,Bachelor's,Finance,2.0,Finance,Financial Analyst,Jeddah,Indeed,Failed,Not Applicable,,Not Applicable,Rejected,,Sara,
CAND-1207,Noura Al-Shehri,2026-09-09,Female,39,Saudi,Bachelor's,Accounting,3.6,Finance,Senior Accountant,Jeddah,Company Website,Passed,Failed Interview,,Not Applicable,Rejected,,Mona,
CAND-1208,Noor Al-Salem,2026-04-12,Female,34,Saudi,Bachelor's,Industrial Engineering,10.7,Operations,Quality Specialist,Riyadh,Bayt,Passed,Interviewed,67,Not Applicable,Rejected,,Mona,
CAND-1209,Ahmed Al-Harbi,2026-08-27,Male,36,Non-Saudi,Bachelor's,Media & Communication,8.2,Marketing,Content Specialist,Makkah,Indeed,Passed,Interviewed,54,Not Applicable,Rejected,,Ahmad,
CAND-1210,Ali Al-Ghamdi,2026-01-18,Male,31,Saudi,Bachelor's,Finance,1.8,Finance,Financial Analyst,Madinah,LinkedIn,Passed,Pending,,Not Applicable,In Progress,,Khalid,
CAND-1211,Saeed Al-Shehri,2026-01-05,Male,31,Saudi,Diploma,Information Tech,7.2,IT,Software Engineer,Jeddah,Job Fair,Passed,Shortlisted,,Not Applicable,In Progress,,Khalid,
CAND-1212,Turki Al-Mutairi,2026-07-14,Male,34,Saudi,Master's,Business Admin,8.7,Operations,Operations Supervisor,Jeddah,LinkedIn,Passed,Failed Interview,,Not Applicable,Rejected,,Mona,
CAND-1213,Ibrahim Al-Zahrani,2026-08-17,Male,27,Saudi,Diploma,Business Admin,3.1,Operations,Operations Supervisor,Riyadh,Company Website,Passed,Shortlisted,,Not Applicable,In Progress,,Noura,
CAND-1214,Ahmed Al-Otaibi,2026-07-23,Male,23,Non-Saudi,Master's,Accounting,0.8,Finance,Accountant,Jeddah,Bayt,Passed,Interviewed,61,Not Applicable,Rejected,,Fahad,
CAND-1215,Noura Al-Dossari,2026-03-01,Female,43,Non-Saudi,Bachelor's,Sales & Marketing,18.8,Sales,Sales Representative,Jeddah,Indeed,Passed,Interviewed,92,Offered,Hired,2026-03-29,Fahad,28
CAND-1216,Ziyad Al-Dossari,2026-01-30,Male,42,Saudi,Bachelor's,Marketing,14.2,Marketing,Digital Marketing Specialist,Dammam,Bayt,Failed,Not Applicable,,Not Applicable,Rejected,,Ahmad,
CAND-1217,Abeer Al-Nasser,2026-04-11,Female,46,Saudi,Bachelor's,Computer Science,17.7,IT,IT Support Specialist,Riyadh,Indeed,Failed,Not Applicable,,Not Applicable,Rejected,,Khalid,
CAND-1218,Aisha Al-Ghamdi,2026-04-19,Female,37,Saudi,Bachelor's,Business Admin,7.5,Operations,Operations Supervisor,Jeddah,Bayt,Passed,Interviewed,74,Offered,Hired,2026-05-02,Ahmad,13
CAND-1219,Bader Al-Hassan,2026-03-24,Male,23,Saudi,Bachelor's,Information Tech,0.5,IT,Data Analyst,Riyadh,Job Fair,Failed,Not Applicable,,Not Applicable,Rejected,,Noura,
CAND-1220,Abeer Al-Harbi,2026-03-07,Female,35,Saudi,Bachelor's,Accounting,4.7,Finance,Accountant,Riyadh,Indeed,Passed,Failed Interview,,Not Applicable,Rejected,,Noura,
CAND-1221,Ahmed Al-Qahtani,2026-07-05,Male,29,Saudi,Bachelor's,Computer Science,4.3,IT,IT Support Specialist,Riyadh,Company Website,Passed,Shortlisted,,Not Applicable,In Progress,,Sara,
CAND-1222,Lama Al-Mutairi,2026-06-08,Female,28,Non-Saudi,Master's,Accounting,0.9,Finance,Senior Accountant,Riyadh,Job Fair,Passed,Shortlisted,,Not Applicable,In Progress,,Fahad,
CAND-1223,Abeer Al-Shehri,2026-06-09,Female,22,Saudi,Bachelor's,Computer Science,0.0,IT,IT Support Specialist,Jeddah,Bayt,Passed,Pending,,Not Applicable,In Progress,,Sara,
CAND-1224,Fatima Al-Qahtani,2026-03-22,Female,40,Saudi,Diploma,Industrial Engineering,14.4,Operations,Quality Specialist,Riyadh,Job Fair,Failed,Not Applicable,,Not Applicable,Rejected,,Fahad,
CAND-1225,Fatima Al-Dossari,2026-02-12,Female,28,Non-Saudi,Bachelor's,Marketing,4.8,Marketing,Marketing Coordinator,Riyadh,Employee Referral,Passed,Interviewed,59,Not Applicable,Rejected,,Mona,
CAND-1226,Faisal Al-Harbi,2026-07-31,Male,46,Non-Saudi,Master's,Accounting,9.2,Finance,Accountant,Dammam,LinkedIn,Passed,Interviewed,89,Not Applicable,Rejected,,Khalid,
CAND-1227,Hanan Al-Salem,2026-02-08,Female,42,Saudi,Bachelor's,Computer Science,11.6,IT,IT Support Specialist,Jeddah,Company Website,Failed,Not Applicable,,Not Applicable,Rejected,,Fahad,
CAND-1228,Ghada Al-Anazi,2026-03-11,Female,34,Saudi,Bachelor's,Business Admin,2.5,Operations,Operations Coordinator,Riyadh,Bayt,Failed,Not Applicable,,Not Applicable,Rejected,,Mona,
CAND-1229,Turki Al-Qahtani,2026-07-27,Male,43,Saudi,Bachelor's,Human Resources,9.8,HR,HR Specialist,Jeddah,LinkedIn,Passed,Interviewed,59,Not Applicable,Rejected,,Sara,
CAND-1230,Bader Al-Shehri,2026-05-25,Male,29,Saudi,Bachelor's,Computer Science,1.1,IT,IT Support Specialist,Jeddah,LinkedIn,Passed,Failed Interview,,Not Applicable,Rejected,,Khalid,
CAND-1231,Abdullah Al-Anazi,2026-02-18,Male,42,Saudi,Bachelor's,Accounting,18.7,Finance,Senior Accountant,Riyadh,Company Website,Passed,Pending,,Not Applicable,In Progress,,Ahmad,
CAND-1232,Saeed Al-Ghamdi,2026-05-30,Male,33,Saudi,Master's,Information Tech,6.0,IT,Data Analyst,Jeddah,Employee Referral,Passed,Interviewed,95,Offered,Hired,2026-07-20,Sara,51
CAND-1233,Hassan Al-Shehri,2026-02-01,Male,22,Non-Saudi,Bachelor's,Information Tech,0.8,IT,Data Analyst,Riyadh,Company Website,Passed,Interviewed,46,Not Applicable,Rejected,,Noura,
CAND-1234,Lama Al-Qahtani,2026-05-31,Female,36,Non-Saudi,Master's,Business Admin,12.1,HR,Recruitment Coordinator,Riyadh,Employee Referral,Passed,Shortlisted,,Not Applicable,In Progress,,Fahad,
CAND-1235,Lama Al-Zahrani,2026-01-05,Female,38,Saudi,Bachelor's,Information Tech,3.0,IT,Data Analyst,Makkah,Job Fair,Passed,Interviewed,58,Not Applicable,Rejected,,Sara,
CAND-1236,Maha Al-Zahrani,2026-04-14,Female,31,Saudi,Bachelor's,Accounting,4.6,Finance,Accountant,Jeddah,Company Website,Passed,Interviewed,45,Not Applicable,Rejected,,Sara,
CAND-1237,Ali Al-Qahtani,2026-07-11,Male,40,Saudi,Bachelor's,Human Resources,15.5,HR,HR Analyst,Madinah,Job Fair,Failed,Not Applicable,,Not Applicable,Rejected,,Sara,
CAND-1238,Maha Al-Amri,2026-04-30,Female,40,Saudi,Bachelor's,Sales & Marketing,2.7,Sales,Sales Representative,Jeddah,Bayt,Passed,Pending,,Not Applicable,In Progress,,Noura,
CAND-1239,Hassan Al-Zahrani,2026-09-11,Male,44,Saudi,Master's,Information Tech,13.3,IT,Data Analyst,Jeddah,Company Website,Passed,Interviewed,72,Not Applicable,Rejected,,Fahad,
CAND-1240,Sultan Al-Dossari,2026-06-28,Male,28,Saudi,Bachelor's,Marketing,1.8,Marketing,Marketing Coordinator,Makkah,Bayt,Passed,Interviewed,87,Not Applicable,Rejected,,Ahmad,
CAND-1241,Mohammed Al-Ghamdi,2026-03-13,Male,40,Saudi,Bachelor's,Human Resources,8.2,HR,HR Analyst,Jeddah,Company Website,Passed,Failed Interview,,Not Applicable,Rejected,,Sara,
CAND-1242,Faisal Al-Shehri,2026-05-02,Male,43,Saudi,Bachelor's,Business Admin,6.1,Operations,Operations Supervisor,Jeddah,Job Fair,Failed,Not Applicable,,Not Applicable,Rejected,,Sara,
CAND-1243,Rana Al-Nasser,2026-04-15,Female,35,Saudi,Diploma,Industrial Engineering,4.5,Operations,Quality Specialist,Jeddah,LinkedIn,Failed,Not Applicable,,Not Applicable,Rejected,,Noura,
CAND-1244,Abeer Al-Harbi,2026-05-27,Female,28,Saudi,Master's,Information Tech,4.5,IT,Data Analyst,Jeddah,Employee Referral,Passed,Interviewed,75,Offered,Hired,2026-07-15,Khalid,49
CAND-1245,Hanan Al-Anazi,2026-03-18,Female,31,Saudi,Bachelor's,Information Tech,8.3,IT,Software Engineer,Jeddah,Indeed,Passed,Failed Interview,,Not Applicable,Rejected,,Ahmad,
CAND-1246,Mohammed Al-Shehri,2026-05-28,Male,23,Saudi,Bachelor's,Human Resources,0.4,HR,HR Analyst,Jeddah,Indeed,Failed,Not Applicable,,Not Applicable,Rejected,,Khalid,
CAND-1247,Majed Al-Otaibi,2026-02-22,Male,34,Saudi,Diploma,Human Resources,11.6,HR,HR Specialist,Riyadh,Job Fair,Passed,Interviewed,86,Not Applicable,Rejected,,Mona,
CAND-1248,Faisal Al-Nasser,2026-01-16,Male,45,Non-Saudi,Bachelor's,Human Resources,13.6,HR,HR Operations Officer,Jeddah,Employee Referral,Passed,Interviewed,98,Declined,Withdrawn,,Mona,
CAND-1249,Omar Al-Hassan,2026-06-30,Male,41,Saudi,Master's,Finance,11.7,Finance,Financial Analyst,Jeddah,Indeed,Passed,Interviewed,66,Not Applicable,Rejected,,Noura,
CAND-1250,Ahmed Al-Amri,2026-06-19,Male,24,Saudi,Bachelor's,Accounting,1.3,Finance,Accountant,Jeddah,Indeed,Passed,Failed Interview,,Not Applicable,Rejected,,Noura,
CAND-1251,Ghada Al-Amri,2026-02-07,Female,22,Saudi,Bachelor's,Human Resources,0.1,HR,HR Specialist,Jeddah,Job Fair,Passed,Interviewed,59,Not Applicable,Rejected,,Mona,
CAND-1252,Nasser Al-Salem,2026-05-11,Male,40,Saudi,Diploma,Information Tech,1.4,IT,Software Engineer,Jeddah,Job Fair,Passed,Interviewed,100,Declined,Withdrawn,,Khalid,
CAND-1253,Yousef Al-Otaibi,2026-06-19,Male,23,Saudi,Bachelor's,Marketing,0.6,Marketing,Marketing Coordinator,Jeddah,Employee Referral,Passed,Interviewed,58,Not Applicable,Rejected,,Sara,
CAND-1254,Yousef Al-Nasser,2026-01-19,Male,28,Saudi,Diploma,Computer Science,1.9,IT,IT Support Specialist,Jeddah,Indeed,Passed,Interviewed,50,Not Applicable,Rejected,,Mona,
CAND-1255,Khaled Al-Nasser,2026-04-26,Male,38,Saudi,Bachelor's,Information Tech,9.4,IT,Software Engineer,Riyadh,Company Website,Passed,Interviewed,57,Not Applicable,Rejected,,Fahad,
CAND-1256,Ibrahim Al-Shehri,2026-03-20,Male,32,Saudi,Bachelor's,Sales & Marketing,8.8,Sales,Sales Representative,Riyadh,Company Website,Passed,Interviewed,85,Declined,Withdrawn,,Fahad,
CAND-1257,Ghada Al-Hassan,2026-07-08,Female,38,Saudi,Bachelor's,Marketing,12.5,Marketing,Marketing Coordinator,Jeddah,Employee Referral,Failed,Not Applicable,,Not Applicable,Rejected,,Mona,
CAND-1258,Ahmed Al-Qahtani,2026-03-27,Male,32,Saudi,Bachelor's,Media & Communication,5.8,Marketing,Content Specialist,Riyadh,Company Website,Failed,Not Applicable,,Not Applicable,Rejected,,Mona,
CAND-1259,Ahmed Al-Harbi,2026-09-05,Male,22,Saudi,Bachelor's,Computer Science,0.3,IT,IT Support Specialist,Jeddah,Indeed,Failed,Not Applicable,,Not Applicable,Rejected,,Sara,
CAND-1260,Lama Al-Shammari,2026-06-18,Female,43,Saudi,Bachelor's,Marketing,11.6,Sales,Sales Coordinator,Jeddah,Job Fair,Passed,Interviewed,76,Offered,Hired,2026-08-06,Sara,49
CAND-1261,Lama Al-Shammari,2026-06-29,Female,30,Saudi,Diploma,Business Admin,5.9,Operations,Operations Supervisor,Riyadh,Employee Referral,Passed,Shortlisted,,Not Applicable,In Progress,,Ahmad,
CAND-1262,Ibrahim Al-Zahrani,2026-09-10,Male,28,Saudi,Bachelor's,Human Resources,3.0,HR,HR Analyst,Jeddah,Bayt,Passed,Failed Interview,,Not Applicable,Rejected,,Ahmad,
CAND-1263,Omar Al-Anazi,2026-08-29,Male,32,Saudi,Bachelor's,Media & Communication,2.2,Marketing,Content Specialist,Jeddah,Employee Referral,Failed,Not Applicable,,Not Applicable,Rejected,,Sara,
CAND-1264,Faisal Al-Nasser,2026-01-28,Male,29,Saudi,Diploma,Human Resources,6.1,HR,HR Operations Officer,Jeddah,Employee Referral,Passed,Failed Interview,,Not Applicable,Rejected,,Sara,
CAND-1265,Abdullah Al-Shammari,2026-05-28,Male,28,Saudi,Bachelor's,Sales & Marketing,0.9,Sales,Sales Representative,Jeddah,LinkedIn,Passed,Interviewed,81,Declined,Withdrawn,,Fahad,
CAND-1266,Abdullah Al-Zahrani,2026-09-06,Male,33,Saudi,Diploma,Human Resources,9.3,HR,HR Analyst,Jeddah,Company Website,Passed,Interviewed,67,Not Applicable,Rejected,,Khalid,
CAND-1267,Lama Al-Qahtani,2026-07-03,Female,44,Saudi,Bachelor's,Media & Communication,20.1,Marketing,Content Specialist,Jeddah,Bayt,Passed,Interviewed,51,Not Applicable,Rejected,,Fahad,
CAND-1268,Maha Al-Harbi,2026-03-16,Female,33,Saudi,Bachelor's,Marketing,1.7,Marketing,Digital Marketing Specialist,Jeddah,Job Fair,Failed,Not Applicable,,Not Applicable,Rejected,,Mona,
CAND-1269,Maryam Al-Shehri,2026-04-01,Female,42,Saudi,Bachelor's,Business Admin,17.9,HR,Recruitment Coordinator,Jeddah,LinkedIn,Failed,Not Applicable,,Not Applicable,Rejected,,Khalid,
CAND-1270,Sultan Al-Shehri,2026-01-10,Male,35,Saudi,Diploma,Information Tech,4.7,IT,Data Analyst,Riyadh,Employee Referral,Passed,Failed Interview,,Not Applicable,Rejected,,Sara,
CAND-1271,Sara Al-Hassan,2026-04-15,Female,33,Saudi,Master's,Computer Science,4.1,IT,IT Support Specialist,Dammam,Job Fair,Passed,Failed Interview,,Not Applicable,Rejected,,Noura,
CAND-1272,Fahad Al-Harbi,2026-07-02,Male,24,Saudi,Bachelor's,Information Tech,1.6,IT,Data Analyst,Jeddah,Job Fair,Passed,Interviewed,76,Declined,Withdrawn,,Khalid,
CAND-1273,Maha Al-Qahtani,2026-06-14,Female,30,Saudi,Bachelor's,Marketing,1.7,Marketing,Digital Marketing Specialist,Jeddah,Employee Referral,Passed,Shortlisted,,Not Applicable,In Progress,,Mona,
CAND-1274,Noura Al-Shammari,2026-06-22,Female,46,Saudi,Bachelor's,Accounting,21.4,Finance,Accountant,Riyadh,Indeed,Passed,Interviewed,86,Offered,Hired,2026-07-29,Sara,37
CAND-1275,Majed Al-Shammari,2026-05-17,Male,43,Saudi,Diploma,Marketing,2.3,Sales,Sales Coordinator,Jeddah,LinkedIn,Passed,Interviewed,69,Not Applicable,Rejected,,Khalid,
CAND-1276,Ziyad Al-Shehri,2026-05-18,Male,45,Saudi,Master's,Finance,19.3,Finance,Financial Analyst,Riyadh,Bayt,Pending,Not Applicable,,Not Applicable,In Progress,,Fahad,
CAND-1277,Turki Al-Otaibi,2026-09-03,Male,22,Non-Saudi,Bachelor's,Industrial Engineering,0.9,Operations,Quality Specialist,Makkah,Company Website,Failed,Not Applicable,,Not Applicable,Rejected,,Fahad,
CAND-1278,Saeed Al-Anazi,2026-08-20,Male,27,Saudi,Diploma,Computer Science,1.9,IT,IT Support Specialist,Jeddah,LinkedIn,Passed,Pending,,Not Applicable,In Progress,,Fahad,
CAND-1279,Sara Al-Hassan,2026-03-13,Female,39,Saudi,Diploma,Human Resources,16.9,HR,HR Specialist,Riyadh,Company Website,Failed,Not Applicable,,Not Applicable,Rejected,,Khalid,
CAND-1280,Saeed Al-Anazi,2026-04-23,Male,44,Saudi,Bachelor's,Marketing,20.5,Marketing,Marketing Coordinator,Jeddah,Employee Referral,Failed,Not Applicable,,Not Applicable,Rejected,,Noura,
CAND-1281,Rana Al-Ghamdi,2026-09-06,Female,34,Saudi,Bachelor's,Information Tech,9.7,IT,Software Engineer,Riyadh,Company Website,Failed,Not Applicable,,Not Applicable,Rejected,,Noura,
CAND-1282,Nasser Al-Amri,2026-04-09,Male,37,Saudi,Diploma,Information Tech,5.3,IT,Software Engineer,Jeddah,Bayt,Failed,Not Applicable,,Not Applicable,Rejected,,Noura,
CAND-1283,Hassan Al-Hassan,2026-05-01,Male,38,Saudi,Bachelor's,Business Admin,2.8,Sales,Account Executive,Riyadh,Bayt,Passed,Interviewed,80,Offered,Hired,2026-05-20,Sara,19
CAND-1284,Mohammed Al-Zahrani,2026-03-07,Male,24,Saudi,Bachelor's,Marketing,0.5,Sales,Sales Coordinator,Jeddah,Bayt,Failed,Not Applicable,,Not Applicable,Rejected,,Noura,
CAND-1285,Khaled Al-Dossari,2026-08-03,Male,22,Saudi,Bachelor's,Human Resources,0.4,HR,HR Specialist,Makkah,Job Fair,Passed,Interviewed,52,Not Applicable,Rejected,,Sara,
CAND-1286,Ziyad Al-Anazi,2026-03-09,Male,31,Saudi,Bachelor's,Industrial Engineering,0.7,Operations,Quality Specialist,Makkah,Job Fair,Passed,Interviewed,49,Not Applicable,Rejected,,Fahad,
CAND-1287,Hassan Al-Amri,2026-03-09,Male,28,Non-Saudi,Bachelor's,Information Tech,4.0,IT,Software Engineer,Jeddah,Job Fair,Failed,Not Applicable,,Not Applicable,Rejected,,Mona,
CAND-1288,Dana Al-Salem,2026-03-06,Female,36,Saudi,Bachelor's,Accounting,4.6,Finance,Senior Accountant,Dammam,Indeed,Failed,Not Applicable,,Not Applicable,Rejected,,Mona,
CAND-1289,Sultan Al-Amri,2026-02-28,Male,36,Saudi,Diploma,Marketing,6.3,Sales,Sales Coordinator,Jeddah,LinkedIn,Passed,Interviewed,58,Not Applicable,Rejected,,Fahad,
CAND-1290,Aisha Al-Ghamdi,2026-07-22,Female,29,Saudi,Bachelor's,Business Admin,2.5,Operations,Operations Coordinator,Jeddah,Bayt,Failed,Not Applicable,,Not Applicable,Rejected,,Khalid,
CAND-1291,Reem Al-Harbi,2026-03-25,Female,39,Saudi,Bachelor's,Media & Communication,10.8,Marketing,Content Specialist,Jeddah,Bayt,Failed,Not Applicable,,Not Applicable,Rejected,,Fahad,
CAND-1292,Reem Al-Anazi,2026-01-06,Female,44,Saudi,Bachelor's,Human Resources,16.8,HR,HR Analyst,Dammam,Employee Referral,Passed,Shortlisted,,Not Applicable,In Progress,,Ahmad,
CAND-1293,Fatima Al-Shammari,2026-06-06,Female,28,Saudi,Bachelor's,Sales & Marketing,3.9,Sales,Sales Representative,Jeddah,LinkedIn,Failed,Not Applicable,,Not Applicable,Rejected,,Noura,
CAND-1294,Saeed Al-Shehri,2026-05-14,Male,39,Saudi,Bachelor's,Information Tech,13.6,IT,Software Engineer,Riyadh,Company Website,Pending,Not Applicable,,Not Applicable,In Progress,,Fahad,
CAND-1295,Bader Al-Salem,2026-06-03,Male,35,Saudi,Bachelor's,Computer Science,12.0,IT,IT Support Specialist,Jeddah,LinkedIn,Pending,Not Applicable,,Not Applicable,In Progress,,Sara,
CAND-1296,Fatima Al-Nasser,2026-04-12,Female,43,Saudi,Bachelor's,Marketing,12.9,Sales,Sales Coordinator,Jeddah,Job Fair,Passed,Interviewed,55,Not Applicable,Rejected,,Sara,
CAND-1297,Maha Al-Mutairi,2026-05-21,Female,26,Saudi,Bachelor's,Marketing,1.3,Marketing,Digital Marketing Specialist,Riyadh,Indeed,Failed,Not Applicable,,Not Applicable,Rejected,,Noura,
CAND-1298,Maha Al-Nasser,2026-01-14,Female,44,Saudi,Master's,Human Resources,9.1,HR,HR Operations Officer,Jeddah,LinkedIn,Passed,Interviewed,100,Not Applicable,Rejected,,Noura,
CAND-1299,Aisha Al-Nasser,2026-01-08,Female,44,Saudi,Bachelor's,Information Tech,15.0,IT,Software Engineer,Jeddah,Bayt,Passed,Shortlisted,,Not Applicable,Withdrawn,,Noura,
CAND-1300,Ahmed Al-Otaibi,2026-07-25,Male,41,Non-Saudi,Bachelor's,Information Tech,0.4,IT,Software Engineer,Jeddah,Bayt,Failed,Not Applicable,,Not Applicable,Rejected,,Sara,
CAND-1301,Noor Al-Zahrani,2026-05-28,Female,32,Saudi,Bachelor's,Marketing,4.2,Marketing,Marketing Coordinator,Riyadh,Employee Referral,Passed,Interviewed,88,Not Applicable,Rejected,,Mona,
CAND-1302,Mohammed Al-Mutairi,2026-09-01,Male,29,Saudi,Bachelor's,Marketing,3.6,Marketing,Digital Marketing Specialist,Jeddah,Indeed,Failed,Not Applicable,,Not Applicable,Rejected,,Sara,
CAND-1303,Rana Al-Otaibi,2026-07-19,Female,31,Saudi,Bachelor's,Media & Communication,3.0,Marketing,Content Specialist,Makkah,LinkedIn,Passed,Interviewed,87,Not Applicable,Rejected,,Fahad,
CAND-1304,Lama Al-Dossari,2026-07-28,Female,37,Non-Saudi,Master's,Accounting,5.3,Finance,Accountant,Jeddah,Company Website,Failed,Not Applicable,,Not Applicable,Rejected,,Mona,
CAND-1305,Bader Al-Harbi,2026-05-08,Male,40,Saudi,Bachelor's,Human Resources,0.8,HR,HR Operations Officer,Riyadh,Employee Referral,Passed,Interviewed,98,Not Applicable,Rejected,,Fahad,
CAND-1306,Fahad Al-Ghamdi,2026-01-12,Male,43,Saudi,Bachelor's,Computer Science,7.1,IT,IT Support Specialist,Jeddah,LinkedIn,Passed,Failed Interview,,Not Applicable,Rejected,,Noura,
CAND-1307,Ahmed Al-Ghamdi,2026-09-08,Male,28,Non-Saudi,Bachelor's,Business Admin,2.7,Operations,Operations Coordinator,Makkah,Employee Referral,Failed,Not Applicable,,Not Applicable,Rejected,,Sara,
CAND-1308,Mohammed Al-Zahrani,2026-02-23,Male,43,Saudi,Bachelor's,Human Resources,8.0,HR,HR Analyst,Riyadh,Company Website,Passed,Interviewed,50,Not Applicable,Rejected,,Fahad,
CAND-1309,Reem Al-Zahrani,2026-03-21,Female,28,Saudi,Bachelor's,Sales & Marketing,2.6,Sales,Sales Representative,Jeddah,Job Fair,Passed,Interviewed,99,Not Applicable,Rejected,,Sara,
CAND-1310,Rana Al-Amri,2026-02-24,Female,36,Saudi,Bachelor's,Accounting,6.4,Finance,Senior Accountant,Riyadh,Job Fair,Passed,Pending,,Not Applicable,In Progress,,Sara,
CAND-1311,Ahmed Al-Qahtani,2026-05-25,Male,35,Saudi,Bachelor's,Information Tech,7.6,IT,Software Engineer,Jeddah,Indeed,Failed,Not Applicable,,Not Applicable,Rejected,,Fahad,
CAND-1312,Fahad Al-Dossari,2026-03-16,Male,32,Non-Saudi,Bachelor's,Computer Science,0.1,IT,IT Support Specialist,Riyadh,LinkedIn,Passed,Interviewed,93,Not Applicable,Rejected,,Ahmad,
CAND-1313,Bader Al-Nasser,2026-03-31,Male,36,Saudi,Bachelor's,Media & Communication,1.1,Marketing,Content Specialist,Jeddah,Company Website,Passed,Interviewed,80,Not Applicable,Rejected,,Noura,
CAND-1314,Sultan Al-Zahrani,2026-06-17,Male,38,Saudi,Bachelor's,Accounting,11.1,Finance,Accountant,Jeddah,Job Fair,Passed,Interviewed,72,Not Applicable,Rejected,,Sara,
CAND-1315,Hassan Al-Harbi,2026-06-28,Male,34,Saudi,Bachelor's,Business Admin,2.5,Sales,Account Executive,Dammam,Employee Referral,Passed,Failed Interview,,Not Applicable,Rejected,,Mona,
CAND-1316,Reem Al-Shammari,2026-06-19,Female,34,Saudi,Bachelor's,Marketing,7.1,Sales,Sales Coordinator,Riyadh,Job Fair,Passed,Interviewed,92,Not Applicable,Rejected,,Khalid,
CAND-1317,Abdullah Al-Salem,2026-08-09,Male,37,Non-Saudi,Bachelor's,Human Resources,8.5,HR,HR Operations Officer,Jeddah,Bayt,Failed,Not Applicable,,Not Applicable,Rejected,,Sara,
CAND-1318,Dana Al-Zahrani,2026-05-24,Female,38,Saudi,Bachelor's,Finance,6.8,Finance,Financial Analyst,Makkah,LinkedIn,Pending,Not Applicable,,Not Applicable,In Progress,,Sara,
CAND-1319,Noura Al-Mutairi,2026-04-20,Female,42,Saudi,Master's,Media & Communication,19.9,Marketing,Content Specialist,Jeddah,Employee Referral,Passed,Interviewed,64,Not Applicable,Rejected,,Khalid,
CAND-1320,Abeer Al-Ghamdi,2026-05-13,Female,35,Saudi,Bachelor's,Human Resources,8.7,HR,HR Analyst,Dammam,Job Fair,Passed,Interviewed,45,Not Applicable,Rejected,,Khalid,
CAND-1321,Ghada Al-Qahtani,2026-06-07,Female,42,Saudi,Bachelor's,Marketing,13.4,Sales,Sales Coordinator,Dammam,Indeed,Passed,Interviewed,56,Not Applicable,Rejected,,Mona,
CAND-1322,Faisal Al-Shehri,2026-05-24,Male,24,Non-Saudi,Bachelor's,Marketing,0.7,Marketing,Marketing Coordinator,Jeddah,Indeed,Passed,Failed Interview,,Not Applicable,Rejected,,Fahad,
CAND-1323,Faisal Al-Harbi,2026-07-02,Male,33,Saudi,Bachelor's,Industrial Engineering,8.4,Operations,Quality Specialist,Jeddah,Employee Referral,Failed,Not Applicable,,Not Applicable,Rejected,,Mona,
CAND-1324,Turki Al-Zahrani,2026-07-31,Male,29,Saudi,Master's,Marketing,6.7,Marketing,Marketing Coordinator,Jeddah,Bayt,Passed,Interviewed,45,Not Applicable,Rejected,,Ahmad,
CAND-1325,Sara Al-Zahrani,2026-05-14,Female,44,Saudi,Bachelor's,Marketing,12.5,Marketing,Digital Marketing Specialist,Jeddah,LinkedIn,Passed,Interviewed,99,Not Applicable,Rejected,,Khalid,
CAND-1326,Noura Al-Anazi,2026-06-10,Female,45,Saudi,Bachelor's,Accounting,1.1,Finance,Accountant,Riyadh,Employee Referral,Pending,Not Applicable,,Not Applicable,In Progress,,Fahad,
CAND-1327,Ghada Al-Nasser,2026-01-30,Female,32,Saudi,Bachelor's,Business Admin,0.4,HR,Recruitment Coordinator,Dammam,Job Fair,Passed,Interviewed,66,Not Applicable,Rejected,,Fahad,
CAND-1328,Khaled Al-Mutairi,2026-01-25,Male,38,Saudi,Diploma,Information Tech,3.5,IT,Data Analyst,Jeddah,Indeed,Passed,Interviewed,83,Offered,Accepted,,Fahad,
CAND-1329,Reem Al-Harbi,2026-03-27,Female,44,Saudi,Bachelor's,Information Tech,6.7,IT,Software Engineer,Dammam,Job Fair,Passed,Interviewed,99,Offered,Hired,2026-05-15,Fahad,49
CAND-1330,Bader Al-Shammari,2026-04-14,Male,34,Saudi,Bachelor's,Media & Communication,10.8,Marketing,Content Specialist,Madinah,Job Fair,Pending,Not Applicable,,Not Applicable,In Progress,,Sara,
CAND-1331,Fahad Al-Amri,2026-01-08,Male,41,Saudi,Master's,Business Admin,5.2,Operations,Operations Supervisor,Jeddah,Employee Referral,Passed,Interviewed,93,Not Applicable,Rejected,,Fahad,
CAND-1332,Omar Al-Nasser,2026-03-20,Male,46,Saudi,Bachelor's,Business Admin,12.2,HR,Recruitment Coordinator,Dammam,Company Website,Passed,Interviewed,63,Not Applicable,Rejected,,Khalid,
CAND-1333,Yousef Al-Harbi,2026-08-24,Male,33,Saudi,Bachelor's,Business Admin,6.9,Operations,Operations Coordinator,Jeddah,Employee Referral,Passed,Shortlisted,,Not Applicable,In Progress,,Ahmad,
CAND-1334,Ahmed Al-Zahrani,2026-04-03,Male,39,Saudi,Bachelor's,Human Resources,11.2,HR,HR Operations Officer,Jeddah,Indeed,Passed,Interviewed,64,Not Applicable,Rejected,,Ahmad,
CAND-1335,Turki Al-Dossari,2026-04-05,Male,36,Saudi,Bachelor's,Information Tech,13.5,IT,Software Engineer,Jeddah,Bayt,Passed,Interviewed,99,Offered,Hired,2026-05-26,Noura,51
CAND-1336,Aisha Al-Amri,2026-09-04,Female,42,Non-Saudi,Bachelor's,Business Admin,7.8,Sales,Account Executive,Jeddah,Bayt,Passed,Shortlisted,,Not Applicable,In Progress,,Noura,
CAND-1337,Sultan Al-Shehri,2026-05-10,Male,42,Non-Saudi,Bachelor's,Accounting,5.4,Finance,Senior Accountant,Jeddah,Bayt,Passed,Interviewed,82,Not Applicable,Rejected,,Fahad,
CAND-1338,Maryam Al-Hassan,2026-04-23,Female,37,Saudi,Bachelor's,Computer Science,10.2,IT,IT Support Specialist,Jeddah,Company Website,Pending,Not Applicable,,Not Applicable,In Progress,,Noura,
CAND-1339,Maha Al-Amri,2026-04-28,Female,22,Saudi,Master's,Business Admin,0.7,Operations,Operations Supervisor,Jeddah,LinkedIn,Passed,Interviewed,83,Not Applicable,Rejected,,Mona,
CAND-1340,Sara Al-Salem,2026-07-14,Female,44,Saudi,Bachelor's,Business Admin,0.2,Operations,Operations Coordinator,Jeddah,Bayt,Failed,Not Applicable,,Not Applicable,Rejected,,Mona,
CAND-1341,Fahad Al-Amri,2026-07-09,Male,44,Saudi,Bachelor's,Business Admin,12.3,Sales,Account Executive,Jeddah,Job Fair,Failed,Not Applicable,,Not Applicable,Rejected,,Mona,
CAND-1342,Yousef Al-Shehri,2026-05-07,Male,25,Non-Saudi,Bachelor's,Marketing,1.6,Marketing,Marketing Coordinator,Jeddah,Job Fair,Passed,Interviewed,54,Not Applicable,Rejected,,Sara,
CAND-1343,Rana Al-Qahtani,2026-02-04,Female,28,Saudi,Bachelor's,Information Tech,4.9,IT,Software Engineer,Jeddah,Job Fair,Passed,Interviewed,62,Not Applicable,Rejected,,Sara,
CAND-1344,Dana Al-Salem,2026-09-07,Female,35,Saudi,Bachelor's,Marketing,0.0,Marketing,Digital Marketing Specialist,Makkah,Bayt,Passed,Interviewed,98,Not Applicable,Rejected,,Noura,
CAND-1345,Huda Al-Mutairi,2026-02-28,Female,40,Saudi,Bachelor's,Information Tech,1.8,IT,Software Engineer,Jeddah,Bayt,Failed,Not Applicable,,Not Applicable,Rejected,,Fahad,
CAND-1346,Khaled Al-Anazi,2026-02-09,Male,24,Saudi,Bachelor's,Human Resources,0.3,HR,HR Analyst,Jeddah,Bayt,Passed,Pending,,Not Applicable,In Progress,,Fahad,
CAND-1347,Khaled Al-Anazi,2026-02-28,Male,39,Saudi,Bachelor's,Marketing,10.6,Marketing,Marketing Coordinator,Riyadh,Job Fair,Failed,Not Applicable,,Not Applicable,Rejected,,Sara,
CAND-1348,Huda Al-Zahrani,2026-04-01,Female,37,Saudi,Master's,Marketing,8.1,Marketing,Digital Marketing Specialist,Jeddah,Indeed,Passed,Interviewed,65,Not Applicable,Rejected,,Sara,
CAND-1349,Lama Al-Otaibi,2026-05-12,Female,42,Saudi,Bachelor's,Media & Communication,0.7,Marketing,Content Specialist,Jeddah,Employee Referral,Failed,Not Applicable,,Not Applicable,Rejected,,Noura,
CAND-1350,Maryam Al-Anazi,2026-03-25,Female,25,Non-Saudi,Master's,Finance,1.5,Finance,Financial Analyst,Jeddah,Company Website,Passed,Shortlisted,,Not Applicable,In Progress,,Fahad,
CAND-1351,Noura Al-Salem,2026-03-18,Female,30,Saudi,Bachelor's,Information Tech,2.6,IT,Data Analyst,Jeddah,Job Fair,Failed,Not Applicable,,Not Applicable,Rejected,,Khalid,
CAND-1352,Sultan Al-Dossari,2026-01-21,Male,24,Saudi,Bachelor's,Marketing,1.1,Sales,Sales Coordinator,Jeddah,Indeed,Passed,Failed Interview,,Not Applicable,Rejected,,Noura,
CAND-1353,Turki Al-Harbi,2026-02-11,Male,45,Saudi,Bachelor's,Business Admin,4.1,HR,Recruitment Coordinator,Jeddah,Indeed,Passed,Interviewed,81,Offered,Accepted,,Mona,
CAND-1354,Maha Al-Ghamdi,2026-02-15,Female,32,Saudi,Bachelor's,Information Tech,6.0,IT,Software Engineer,Dammam,Bayt,Passed,Interviewed,60,Not Applicable,Rejected,,Noura,
CAND-1355,Ali Al-Shehri,2026-03-15,Male,26,Saudi,Bachelor's,Human Resources,3.8,HR,HR Operations Officer,Jeddah,Job Fair,Passed,Interviewed,63,Not Applicable,Rejected,,Noura,
CAND-1356,Ghada Al-Zahrani,2026-06-05,Female,42,Non-Saudi,Bachelor's,Industrial Engineering,12.2,Operations,Quality Specialist,Dammam,Job Fair,Failed,Not Applicable,,Not Applicable,Rejected,,Khalid,
CAND-1357,Noura Al-Otaibi,2026-02-03,Female,43,Saudi,Bachelor's,Industrial Engineering,13.6,Operations,Quality Specialist,Madinah,Job Fair,Passed,Interviewed,59,Not Applicable,Rejected,,Sara,
CAND-1358,Nasser Al-Dossari,2026-08-14,Male,43,Saudi,Bachelor's,Human Resources,4.2,HR,HR Specialist,Jeddah,Job Fair,Passed,Interviewed,98,Not Applicable,Rejected,,Ahmad,
CAND-1359,Noor Al-Zahrani,2026-09-11,Female,23,Saudi,Bachelor's,Business Admin,0.5,Operations,Operations Supervisor,Riyadh,Company Website,Passed,Failed Interview,,Not Applicable,Rejected,,Fahad,
CAND-1360,Khaled Al-Shehri,2026-05-28,Male,32,Saudi,Bachelor's,Human Resources,3.0,HR,HR Analyst,Jeddah,Company Website,Passed,Interviewed,57,Not Applicable,Rejected,,Noura,
CAND-1361,Abdullah Al-Shammari,2026-05-31,Male,41,Saudi,Bachelor's,Finance,3.8,Finance,Financial Analyst,Jeddah,Employee Referral,Passed,Interviewed,92,Offered,Hired,2026-07-18,Khalid,48
CAND-1362,Ghada Al-Zahrani,2026-07-10,Female,36,Saudi,Bachelor's,Human Resources,3.4,HR,HR Specialist,Makkah,LinkedIn,Failed,Not Applicable,,Not Applicable,Rejected,,Mona,
CAND-1363,Lama Al-Hassan,2026-02-02,Female,38,Non-Saudi,Bachelor's,Business Admin,11.5,Operations,Operations Supervisor,Madinah,Indeed,Passed,Interviewed,62,Not Applicable,Rejected,,Fahad,
CAND-1364,Ziyad Al-Harbi,2026-04-11,Male,39,Saudi,Bachelor's,Human Resources,14.8,HR,HR Operations Officer,Jeddah,LinkedIn,Pending,Not Applicable,,Not Applicable,In Progress,,Mona,
CAND-1365,Bader Al-Qahtani,2026-03-10,Male,42,Saudi,Bachelor's,Information Tech,11.8,IT,Data Analyst,Riyadh,Indeed,Failed,Not Applicable,,Not Applicable,Rejected,,Khalid,
CAND-1366,Sultan Al-Shehri,2026-02-08,Male,35,Saudi,Bachelor's,Information Tech,7.2,IT,Software Engineer,Jeddah,Company Website,Passed,Interviewed,52,Not Applicable,Rejected,,Noura,
CAND-1367,Rana Al-Hassan,2026-01-19,Female,35,Saudi,Diploma,Information Tech,1.9,IT,Software Engineer,Riyadh,Employee Referral,Passed,Interviewed,80,Offered,Hired,2026-02-22,Noura,34
CAND-1368,Abdullah Al-Dossari,2026-02-15,Male,23,Saudi,Bachelor's,Industrial Engineering,0.1,Operations,Quality Specialist,Jeddah,Employee Referral,Passed,Interviewed,54,Not Applicable,Rejected,,Fahad,
CAND-1369,Ziyad Al-Amri,2026-08-06,Male,41,Saudi,Master's,Finance,8.3,Finance,Financial Analyst,Jeddah,Job Fair,Failed,Not Applicable,,Not Applicable,Rejected,,Khalid,
CAND-1370,Ali Al-Mutairi,2026-05-14,Male,24,Saudi,Master's,Finance,0.9,Finance,Financial Analyst,Riyadh,Company Website,Failed,Not Applicable,,Not Applicable,Rejected,,Noura,
CAND-1371,Maha Al-Mutairi,2026-07-01,Female,45,Non-Saudi,Bachelor's,Computer Science,5.4,IT,IT Support Specialist,Jeddah,LinkedIn,Passed,Pending,,Not Applicable,In Progress,,Khalid,
CAND-1372,Maha Al-Dossari,2026-05-29,Female,30,Saudi,Bachelor's,Human Resources,7.2,HR,HR Analyst,Riyadh,Job Fair,Passed,Interviewed,62,Not Applicable,Rejected,,Mona,
CAND-1373,Noor Al-Zahrani,2026-01-19,Female,31,Saudi,Bachelor's,Media & Communication,6.3,Marketing,Content Specialist,Dammam,Indeed,Passed,Failed Interview,,Not Applicable,Rejected,,Ahmad,
CAND-1374,Hassan Al-Shehri,2026-04-11,Male,31,Saudi,Bachelor's,Marketing,3.7,Marketing,Marketing Coordinator,Jeddah,Indeed,Passed,Interviewed,68,Not Applicable,Rejected,,Khalid,
CAND-1375,Mohammed Al-Harbi,2026-05-09,Male,25,Saudi,Diploma,Business Admin,0.1,HR,Recruitment Coordinator,Jeddah,LinkedIn,Passed,Failed Interview,,Not Applicable,Rejected,,Sara,
CAND-1376,Noura Al-Anazi,2026-01-24,Female,39,Saudi,Bachelor's,Human Resources,9.5,HR,HR Analyst,Jeddah,LinkedIn,Passed,Interviewed,85,Offered,Hired,2026-03-10,Mona,45
CAND-1377,Sara Al-Anazi,2026-03-28,Female,35,Non-Saudi,Bachelor's,Marketing,1.8,Sales,Sales Coordinator,Dammam,LinkedIn,Failed,Not Applicable,,Not Applicable,Rejected,,Sara,
CAND-1378,Aisha Al-Ghamdi,2026-06-04,Female,25,Saudi,Bachelor's,Industrial Engineering,1.8,Operations,Quality Specialist,Jeddah,LinkedIn,Passed,Interviewed,81,Declined,Withdrawn,,Mona,
CAND-1379,Hassan Al-Hassan,2026-01-16,Male,33,Saudi,Bachelor's,Sales & Marketing,3.2,Sales,Sales Representative,Jeddah,LinkedIn,Passed,Interviewed,67,Not Applicable,Rejected,,Sara,
CAND-1380,Ziyad Al-Qahtani,2026-03-22,Male,28,Saudi,Bachelor's,Marketing,0.4,Marketing,Digital Marketing Specialist,Makkah,Bayt,Failed,Not Applicable,,Not Applicable,Rejected,,Noura,
CAND-1381,Sultan Al-Anazi,2026-07-15,Male,34,Saudi,Bachelor's,Computer Science,2.3,IT,IT Support Specialist,Jeddah,Employee Referral,Failed,Not Applicable,,Not Applicable,Rejected,,Sara,
CAND-1382,Abeer Al-Amri,2026-05-14,Female,30,Saudi,Bachelor's,Business Admin,3.2,Operations,Operations Supervisor,Riyadh,Bayt,Passed,Interviewed,53,Not Applicable,Rejected,,Mona,
CAND-1383,Fahad Al-Qahtani,2026-07-15,Male,22,Saudi,Diploma,Accounting,0.5,Finance,Senior Accountant,Jeddah,Job Fair,Failed,Not Applicable,,Not Applicable,Rejected,,Noura,
CAND-1384,Ibrahim Al-Mutairi,2026-05-19,Male,25,Saudi,Bachelor's,Marketing,2.6,Marketing,Digital Marketing Specialist,Jeddah,Job Fair,Failed,Not Applicable,,Not Applicable,Rejected,,Fahad,
CAND-1385,Omar Al-Salem,2026-05-17,Male,33,Saudi,Diploma,Computer Science,7.8,IT,IT Support Specialist,Jeddah,Indeed,Passed,Pending,,Not Applicable,In Progress,,Sara,
CAND-1386,Faisal Al-Salem,2026-02-14,Male,29,Saudi,Bachelor's,Business Admin,2.3,Sales,Account Executive,Riyadh,Job Fair,Pending,Not Applicable,,Not Applicable,In Progress,,Sara,
CAND-1387,Faisal Al-Anazi,2026-09-03,Male,24,Saudi,Bachelor's,Human Resources,1.5,HR,HR Specialist,Jeddah,Indeed,Passed,Interviewed,74,Offered,Hired,2026-09-17,Ahmad,14
CAND-1388,Fatima Al-Shehri,2026-08-11,Female,38,Saudi,Bachelor's,Human Resources,5.9,HR,HR Specialist,Jeddah,Employee Referral,Passed,Interviewed,88,Not Applicable,Rejected,,Noura,
CAND-1389,Noura Al-Qahtani,2026-07-31,Female,29,Saudi,Bachelor's,Industrial Engineering,1.5,Operations,Quality Specialist,Jeddah,Indeed,Passed,Interviewed,88,Not Applicable,Rejected,,Sara,
CAND-1390,Yousef Al-Anazi,2026-05-22,Male,43,Saudi,Master's,Marketing,18.1,Marketing,Digital Marketing Specialist,Jeddah,Company Website,Passed,Interviewed,92,Not Applicable,Rejected,,Khalid,
CAND-1391,Omar Al-Harbi,2026-02-08,Male,32,Saudi,Bachelor's,Information Tech,1.7,IT,Data Analyst,Jeddah,Bayt,Passed,Interviewed,67,Not Applicable,Rejected,,Sara,
CAND-1392,Ibrahim Al-Hassan,2026-05-21,Male,42,Non-Saudi,Bachelor's,Sales & Marketing,12.6,Sales,Sales Representative,Jeddah,Bayt,Failed,Not Applicable,,Not Applicable,Rejected,,Fahad,
CAND-1393,Majed Al-Otaibi,2026-01-26,Male,46,Saudi,Master's,Marketing,14.0,Marketing,Digital Marketing Specialist,Jeddah,Employee Referral,Passed,Shortlisted,,Not Applicable,Withdrawn,,Noura,
CAND-1394,Noor Al-Zahrani,2026-05-05,Female,30,Saudi,Bachelor's,Human Resources,4.6,HR,HR Specialist,Jeddah,Employee Referral,Passed,Failed Interview,,Not Applicable,Rejected,,Sara,
CAND-1395,Bader Al-Qahtani,2026-08-25,Male,38,Saudi,Master's,Marketing,15.4,Marketing,Marketing Coordinator,Dammam,Job Fair,Passed,Interviewed,47,Not Applicable,Rejected,,Khalid,
CAND-1396,Maryam Al-Salem,2026-02-05,Female,45,Saudi,Bachelor's,Accounting,17.6,Finance,Senior Accountant,Riyadh,Indeed,Failed,Not Applicable,,Not Applicable,Rejected,,Fahad,
CAND-1397,Mohammed Al-Nasser,2026-08-18,Male,42,Non-Saudi,Master's,Business Admin,10.6,Sales,Account Executive,Riyadh,Employee Referral,Passed,Pending,,Not Applicable,In Progress,,Ahmad,
CAND-1398,Huda Al-Dossari,2026-06-29,Female,44,Saudi,Master's,Information Tech,1.7,IT,Software Engineer,Riyadh,LinkedIn,Passed,Shortlisted,,Not Applicable,In Progress,,Khalid,
CAND-1399,Ziyad Al-Qahtani,2026-08-06,Male,22,Saudi,Bachelor's,Business Admin,0.6,Operations,Operations Supervisor,Makkah,Bayt,Failed,Not Applicable,,Not Applicable,Rejected,,Mona,
CAND-1400,Mohammed Al-Nasser,2026-02-06,Male,25,Saudi,Bachelor's,Information Tech,2.9,IT,Software Engineer,Jeddah,Bayt,Passed,Interviewed,54,Not Applicable,Rejected,,Fahad,
CAND-1401,Fahad Al-Ghamdi,2026-06-09,Male,23,Saudi,Bachelor's,Human Resources,0.5,HR,HR Analyst,Makkah,Employee Referral,Failed,Not Applicable,,Not Applicable,Rejected,,Khalid,
CAND-1402,Maryam Al-Mutairi,2026-08-22,Female,31,Saudi,Bachelor's,Human Resources,0.4,HR,HR Operations Officer,Riyadh,Company Website,Passed,Failed Interview,,Not Applicable,Rejected,,Mona,
CAND-1403,Turki Al-Dossari,2026-09-04,Male,29,Saudi,Bachelor's,Business Admin,0.2,Operations,Operations Coordinator,Jeddah,Job Fair,Failed,Not Applicable,,Not Applicable,Rejected,,Mona,
CAND-1404,Majed Al-Dossari,2026-01-11,Male,40,Saudi,Bachelor's,Accounting,12.1,Finance,Senior Accountant,Jeddah,Company Website,Passed,Shortlisted,,Not Applicable,In Progress,,Sara,
CAND-1405,Fahad Al-Shammari,2026-05-08,Male,40,Saudi,Bachelor's,Sales & Marketing,14.9,Sales,Sales Representative,Jeddah,Company Website,Failed,Not Applicable,,Not Applicable,Rejected,,Khalid,
CAND-1406,Khaled Al-Otaibi,2026-04-06,Male,26,Non-Saudi,Bachelor's,Accounting,3.6,Finance,Accountant,Riyadh,Job Fair,Passed,Interviewed,87,Offered,Hired,2026-05-11,Ahmad,35
CAND-1407,Reem Al-Qahtani,2026-07-29,Female,37,Saudi,Bachelor's,Human Resources,12.6,HR,HR Specialist,Riyadh,Job Fair,Passed,Interviewed,80,Not Applicable,Rejected,,Khalid,
CAND-1408,Turki Al-Harbi,2026-04-02,Male,45,Saudi,Bachelor's,Marketing,12.0,Marketing,Marketing Coordinator,Jeddah,Indeed,Passed,Interviewed,70,Offered,Hired,2026-05-24,Sara,52
CAND-1409,Ibrahim Al-Otaibi,2026-02-08,Male,45,Saudi,Bachelor's,Finance,11.2,Finance,Financial Analyst,Jeddah,Employee Referral,Passed,Interviewed,96,Not Applicable,Rejected,,Sara,
CAND-1410,Omar Al-Shehri,2026-02-03,Male,33,Saudi,Bachelor's,Human Resources,10.1,HR,HR Analyst,Jeddah,Job Fair,Passed,Failed Interview,,Not Applicable,Rejected,,Noura,
CAND-1411,Fatima Al-Shehri,2026-01-06,Female,29,Saudi,Bachelor's,Human Resources,5.8,HR,HR Specialist,Jeddah,LinkedIn,Failed,Not Applicable,,Not Applicable,Rejected,,Khalid,
CAND-1412,Mohammed Al-Shammari,2026-03-13,Male,38,Non-Saudi,Bachelor's,Computer Science,3.1,IT,IT Support Specialist,Jeddah,Job Fair,Passed,Pending,,Not Applicable,In Progress,,Mona,
CAND-1413,Maryam Al-Shehri,2026-03-10,Female,29,Saudi,Bachelor's,Sales & Marketing,2.1,Sales,Sales Representative,Dammam,LinkedIn,Passed,Interviewed,86,Offered,Accepted,,Ahmad,
CAND-1414,Dana Al-Ghamdi,2026-08-09,Female,25,Saudi,Bachelor's,Media & Communication,2.3,Marketing,Content Specialist,Jeddah,LinkedIn,Passed,Interviewed,45,Not Applicable,Rejected,,Fahad,
CAND-1415,Lama Al-Mutairi,2026-03-25,Female,45,Non-Saudi,Bachelor's,Accounting,18.2,Finance,Accountant,Jeddah,Bayt,Passed,Failed Interview,,Not Applicable,Rejected,,Khalid,
CAND-1416,Ahmed Al-Dossari,2026-01-12,Male,33,Saudi,Bachelor's,Business Admin,1.9,Operations,Operations Coordinator,Jeddah,Company Website,Failed,Not Applicable,,Not Applicable,Rejected,,Ahmad,
CAND-1417,Abeer Al-Shammari,2026-01-16,Female,31,Non-Saudi,Bachelor's,Information Tech,4.8,IT,Software Engineer,Riyadh,Company Website,Passed,Interviewed,47,Not Applicable,Rejected,,Noura,
CAND-1418,Nasser Al-Qahtani,2026-01-13,Male,35,Saudi,Diploma,Human Resources,10.7,HR,HR Operations Officer,Jeddah,Indeed,Pending,Not Applicable,,Not Applicable,In Progress,,Khalid,
CAND-1419,Sara Al-Salem,2026-04-24,Female,38,Saudi,Diploma,Computer Science,5.4,IT,IT Support Specialist,Makkah,LinkedIn,Failed,Not Applicable,,Not Applicable,Rejected,,Mona,
CAND-1420,Ahmed Al-Shammari,2026-09-06,Male,27,Saudi,Bachelor's,Media & Communication,3.2,Marketing,Content Specialist,Jeddah,Bayt,Failed,Not Applicable,,Not Applicable,Rejected,,Fahad,
CAND-1421,Abdullah Al-Amri,2026-09-12,Male,31,Saudi,Bachelor's,Human Resources,5.6,HR,HR Analyst,Jeddah,LinkedIn,Passed,Failed Interview,,Not Applicable,Rejected,,Khalid,
CAND-1422,Khaled Al-Mutairi,2026-01-23,Male,42,Saudi,Bachelor's,Sales & Marketing,11.7,Sales,Sales Representative,Jeddah,Job Fair,Failed,Not Applicable,,Not Applicable,Rejected,,Sara,
CAND-1423,Noor Al-Salem,2026-05-31,Female,41,Saudi,Bachelor's,Marketing,12.8,Marketing,Digital Marketing Specialist,Jeddah,Bayt,Passed,Interviewed,98,Declined,Withdrawn,,Mona,
CAND-1424,Yousef Al-Nasser,2026-05-14,Male,43,Saudi,Master's,Accounting,17.3,Finance,Senior Accountant,Jeddah,Company Website,Pending,Not Applicable,,Not Applicable,In Progress,,Noura,
CAND-1425,Sultan Al-Ghamdi,2026-02-25,Male,44,Saudi,Bachelor's,Media & Communication,4.0,Marketing,Content Specialist,Jeddah,Bayt,Passed,Pending,,Not Applicable,In Progress,,Sara,
CAND-1426,Aisha Al-Zahrani,2026-04-21,Female,26,Saudi,Bachelor's,Business Admin,0.9,Operations,Operations Supervisor,Jeddah,Job Fair,Passed,Shortlisted,,Not Applicable,In Progress,,Fahad,
CAND-1427,Ziyad Al-Salem,2026-02-02,Male,43,Saudi,Diploma,Human Resources,10.7,HR,HR Analyst,Jeddah,Company Website,Failed,Not Applicable,,Not Applicable,Rejected,,Fahad,
CAND-1428,Saeed Al-Dossari,2026-06-26,Male,24,Saudi,Bachelor's,Accounting,1.0,Finance,Senior Accountant,Jeddah,Bayt,Passed,Shortlisted,,Not Applicable,Withdrawn,,Fahad,
CAND-1429,Saeed Al-Ghamdi,2026-02-19,Male,41,Saudi,Bachelor's,Human Resources,0.5,HR,HR Analyst,Jeddah,LinkedIn,Passed,Failed Interview,,Not Applicable,Rejected,,Ahmad,
CAND-1430,Sara Al-Dossari,2026-03-19,Female,35,Saudi,Master's,Finance,12.0,Finance,Financial Analyst,Jeddah,Company Website,Passed,Failed Interview,,Not Applicable,Rejected,,Sara,
CAND-1431,Sultan Al-Amri,2026-08-14,Male,22,Saudi,Diploma,Information Tech,0.1,IT,Data Analyst,Jeddah,LinkedIn,Passed,Interviewed,56,Not Applicable,Rejected,,Fahad,
CAND-1432,Abeer Al-Mutairi,2026-02-20,Female,25,Saudi,Master's,Information Tech,2.3,IT,Data Analyst,Jeddah,Indeed,Failed,Not Applicable,,Not Applicable,Rejected,,Noura,
CAND-1433,Maha Al-Otaibi,2026-06-15,Female,24,Saudi,Master's,Finance,2.0,Finance,Financial Analyst,Jeddah,Company Website,Passed,Interviewed,70,Offered,Hired,2026-07-19,Khalid,34
CAND-1434,Ahmed Al-Salem,2026-06-06,Male,32,Saudi,Bachelor's,Human Resources,0.0,HR,HR Analyst,Jeddah,LinkedIn,Passed,Shortlisted,,Not Applicable,Withdrawn,,Sara,
CAND-1435,Hassan Al-Nasser,2026-08-24,Male,23,Saudi,Bachelor's,Marketing,0.8,Marketing,Marketing Coordinator,Jeddah,Indeed,Passed,Interviewed,52,Not Applicable,Rejected,,Noura,
CAND-1436,Lama Al-Shehri,2026-06-20,Female,46,Saudi,Bachelor's,Human Resources,4.7,HR,HR Specialist,Jeddah,Bayt,Passed,Interviewed,95,Offered,Hired,2026-07-17,Khalid,27
CAND-1437,Sultan Al-Mutairi,2026-08-17,Male,26,Saudi,Master's,Accounting,3.5,Finance,Senior Accountant,Jeddah,LinkedIn,Failed,Not Applicable,,Not Applicable,Rejected,,Ahmad,
CAND-1438,Dana Al-Zahrani,2026-07-21,Female,42,Saudi,Master's,Business Admin,6.8,Operations,Operations Coordinator,Riyadh,Employee Referral,Failed,Not Applicable,,Not Applicable,Rejected,,Khalid,
CAND-1439,Maryam Al-Shehri,2026-08-08,Female,31,Non-Saudi,Bachelor's,Media & Communication,4.0,Marketing,Content Specialist,Riyadh,LinkedIn,Passed,Failed Interview,,Not Applicable,Rejected,,Ahmad,
CAND-1440,Noor Al-Qahtani,2026-07-08,Female,24,Saudi,Bachelor's,Information Tech,0.4,IT,Data Analyst,Riyadh,Indeed,Passed,Interviewed,97,Not Applicable,Rejected,,Khalid,
CAND-1441,Maha Al-Harbi,2026-03-05,Female,27,Saudi,Bachelor's,Information Tech,4.2,IT,Software Engineer,Dammam,LinkedIn,Passed,Interviewed,89,Offered,Hired,2026-04-14,Fahad,40
CAND-1442,Ziyad Al-Nasser,2026-07-19,Male,24,Non-Saudi,Bachelor's,Business Admin,0.2,HR,Recruitment Coordinator,Jeddah,Bayt,Passed,Interviewed,71,Offered,Hired,2026-08-17,Fahad,29
CAND-1443,Sultan Al-Zahrani,2026-05-10,Male,30,Saudi,Bachelor's,Accounting,7.4,Finance,Senior Accountant,Jeddah,Job Fair,Failed,Not Applicable,,Not Applicable,Rejected,,Mona,
CAND-1444,Majed Al-Zahrani,2026-03-25,Male,39,Saudi,Bachelor's,Information Tech,9.9,IT,Data Analyst,Riyadh,Employee Referral,Passed,Interviewed,50,Not Applicable,Rejected,,Mona,
CAND-1445,Lama Al-Harbi,2026-03-23,Female,44,Non-Saudi,Bachelor's,Information Tech,21.5,IT,Software Engineer,Jeddah,Bayt,Passed,Interviewed,92,Not Applicable,Rejected,,Sara,
CAND-1446,Turki Al-Mutairi,2026-07-02,Male,26,Non-Saudi,Master's,Business Admin,3.4,Sales,Account Executive,Dammam,Bayt,Passed,Interviewed,95,Offered,Hired,2026-08-17,Mona,46
CAND-1447,Reem Al-Zahrani,2026-07-20,Female,43,Saudi,Master's,Human Resources,19.8,HR,HR Specialist,Riyadh,LinkedIn,Passed,Interviewed,54,Not Applicable,Rejected,,Noura,
CAND-1448,Ibrahim Al-Ghamdi,2026-06-20,Male,22,Saudi,Bachelor's,Marketing,0.8,Marketing,Digital Marketing Specialist,Jeddah,Company Website,Passed,Failed Interview,,Not Applicable,Rejected,,Ahmad,
CAND-1449,Ghada Al-Shammari,2026-06-18,Female,30,Saudi,Bachelor's,Business Admin,0.8,Operations,Operations Supervisor,Jeddah,Bayt,Passed,Failed Interview,,Not Applicable,Rejected,,Ahmad,
CAND-1450,Ahmed Al-Salem,2026-06-09,Male,28,Saudi,Master's,Human Resources,3.7,HR,HR Operations Officer,Jeddah,Job Fair,Passed,Interviewed,88,Not Applicable,Rejected,,Ahmad,
CAND-1451,Ibrahim Al-Ghamdi,2026-03-04,Male,31,Saudi,Bachelor's,Finance,5.8,Finance,Financial Analyst,Jeddah,Company Website,Passed,Interviewed,53,Not Applicable,Rejected,,Fahad,
CAND-1452,Ziyad Al-Zahrani,2026-04-03,Male,30,Saudi,Bachelor's,Human Resources,3.6,HR,HR Operations Officer,Riyadh,Employee Referral,Passed,Failed Interview,,Not Applicable,Rejected,,Noura,
CAND-1453,Sara Al-Amri,2026-04-30,Female,37,Saudi,Master's,Marketing,0.2,Marketing,Marketing Coordinator,Jeddah,Bayt,Failed,Not Applicable,,Not Applicable,Rejected,,Noura,
CAND-1454,Hassan Al-Harbi,2026-09-11,Male,45,Saudi,Bachelor's,Business Admin,16.1,Operations,Operations Coordinator,Jeddah,Job Fair,Pending,Not Applicable,,Not Applicable,In Progress,,Fahad,
CAND-1455,Noor Al-Zahrani,2026-01-09,Female,32,Saudi,Master's,Industrial Engineering,0.1,Operations,Quality Specialist,Jeddah,Indeed,Failed,Not Applicable,,Not Applicable,Rejected,,Ahmad,
CAND-1456,Faisal Al-Hassan,2026-06-19,Male,23,Saudi,Diploma,Computer Science,0.4,IT,IT Support Specialist,Makkah,Company Website,Passed,Interviewed,57,Not Applicable,Rejected,,Mona,
CAND-1457,Bader Al-Shehri,2026-04-25,Male,31,Saudi,Bachelor's,Marketing,8.9,Marketing,Marketing Coordinator,Riyadh,Indeed,Failed,Not Applicable,,Not Applicable,Rejected,,Sara,
CAND-1458,Ibrahim Al-Salem,2026-08-01,Male,41,Saudi,Bachelor's,Sales & Marketing,11.4,Sales,Sales Representative,Jeddah,Employee Referral,Passed,Shortlisted,,Not Applicable,In Progress,,Mona,
CAND-1459,Noor Al-Hassan,2026-04-19,Female,29,Saudi,Bachelor's,Marketing,1.9,Marketing,Digital Marketing Specialist,Jeddah,Bayt,Failed,Not Applicable,,Not Applicable,Rejected,,Ahmad,
CAND-1460,Maryam Al-Mutairi,2026-04-11,Female,38,Saudi,Bachelor's,Marketing,6.6,Marketing,Digital Marketing Specialist,Jeddah,Bayt,Failed,Not Applicable,,Not Applicable,Rejected,,Ahmad,
CAND-1461,Fatima Al-Ghamdi,2026-06-27,Female,40,Saudi,Bachelor's,Business Admin,9.4,HR,Recruitment Coordinator,Dammam,Company Website,Passed,Failed Interview,,Not Applicable,Rejected,,Fahad,
CAND-1462,Khaled Al-Hassan,2026-01-17,Male,36,Saudi,Master's,Accounting,6.1,Finance,Accountant,Riyadh,Indeed,Passed,Shortlisted,,Not Applicable,Withdrawn,,Fahad,
CAND-1463,Ibrahim Al-Nasser,2026-03-26,Male,26,Saudi,Diploma,Accounting,0.4,Finance,Accountant,Jeddah,Indeed,Failed,Not Applicable,,Not Applicable,Rejected,,Noura,
CAND-1464,Yousef Al-Dossari,2026-03-05,Male,45,Saudi,Bachelor's,Human Resources,11.3,HR,HR Operations Officer,Jeddah,Employee Referral,Passed,Interviewed,91,Not Applicable,Rejected,,Mona,
CAND-1465,Omar Al-Qahtani,2026-03-08,Male,32,Saudi,Master's,Information Tech,10.0,IT,Software Engineer,Jeddah,Company Website,Passed,Interviewed,88,Not Applicable,Rejected,,Fahad,
CAND-1466,Fahad Al-Otaibi,2026-04-05,Male,33,Non-Saudi,Diploma,Information Tech,6.1,IT,Data Analyst,Jeddah,LinkedIn,Passed,Interviewed,49,Not Applicable,Rejected,,Mona,
CAND-1467,Noor Al-Anazi,2026-04-02,Female,26,Saudi,Master's,Sales & Marketing,3.5,Sales,Sales Representative,Jeddah,Company Website,Passed,Interviewed,47,Not Applicable,Rejected,,Fahad,
CAND-1468,Turki Al-Nasser,2026-03-15,Male,29,Saudi,Bachelor's,Marketing,4.5,Marketing,Marketing Coordinator,Jeddah,Company Website,Passed,Interviewed,59,Not Applicable,Rejected,,Fahad,
CAND-1469,Reem Al-Zahrani,2026-03-31,Female,38,Non-Saudi,Bachelor's,Business Admin,12.8,Operations,Operations Coordinator,Riyadh,Indeed,Failed,Not Applicable,,Not Applicable,Rejected,,Mona,
CAND-1470,Nasser Al-Zahrani,2026-01-19,Male,42,Saudi,Master's,Industrial Engineering,14.1,Operations,Quality Specialist,Riyadh,Employee Referral,Passed,Pending,,Not Applicable,In Progress,,Sara,
CAND-1471,Yousef Al-Salem,2026-05-08,Male,45,Saudi,Bachelor's,Information Tech,11.3,IT,Software Engineer,Jeddah,Employee Referral,Failed,Not Applicable,,Not Applicable,Rejected,,Fahad,
CAND-1472,Fahad Al-Anazi,2026-08-08,Male,35,Saudi,Bachelor's,Media & Communication,2.3,Marketing,Content Specialist,Jeddah,Employee Referral,Passed,Interviewed,72,Offered,Hired,2026-09-28,Mona,51
CAND-1473,Reem Al-Qahtani,2026-01-31,Female,34,Saudi,Bachelor's,Business Admin,10.5,HR,Recruitment Coordinator,Riyadh,Job Fair,Passed,Interviewed,49,Not Applicable,Rejected,,Mona,
CAND-1474,Saeed Al-Qahtani,2026-05-17,Male,22,Non-Saudi,Master's,Business Admin,0.7,Sales,Account Executive,Jeddah,Job Fair,Pending,Not Applicable,,Not Applicable,In Progress,,Khalid,
CAND-1475,Bader Al-Shammari,2026-08-24,Male,23,Saudi,Bachelor's,Information Tech,0.1,IT,Software Engineer,Riyadh,Company Website,Passed,Interviewed,74,Not Applicable,Rejected,,Fahad,
CAND-1476,Hanan Al-Anazi,2026-02-15,Female,31,Saudi,Bachelor's,Computer Science,2.2,IT,IT Support Specialist,Riyadh,Employee Referral,Passed,Shortlisted,,Not Applicable,In Progress,,Khalid,
CAND-1477,Ibrahim Al-Mutairi,2026-07-24,Male,41,Saudi,Bachelor's,Accounting,5.7,Finance,Senior Accountant,Jeddah,LinkedIn,Passed,Interviewed,87,Not Applicable,Rejected,,Ahmad,
CAND-1478,Turki Al-Zahrani,2026-04-02,Male,37,Saudi,Bachelor's,Finance,3.6,Finance,Financial Analyst,Makkah,Employee Referral,Failed,Not Applicable,,Not Applicable,Rejected,,Mona,
CAND-1479,Khaled Al-Dossari,2026-06-19,Male,35,Saudi,Diploma,Business Admin,4.2,Sales,Account Executive,Riyadh,Employee Referral,Passed,Interviewed,94,Offered,Hired,2026-07-03,Noura,14
CAND-1480,Turki Al-Shammari,2026-02-10,Male,36,Saudi,Bachelor's,Information Tech,13.2,IT,Data Analyst,Riyadh,LinkedIn,Passed,Interviewed,73,Offered,Hired,2026-03-21,Noura,39
CAND-1481,Lama Al-Mutairi,2026-09-04,Female,40,Saudi,Bachelor's,Business Admin,0.9,Operations,Operations Supervisor,Riyadh,Bayt,Passed,Failed Interview,,Not Applicable,Rejected,,Ahmad,
CAND-1482,Ali Al-Harbi,2026-02-01,Male,34,Non-Saudi,Diploma,Information Tech,11.3,IT,Data Analyst,Jeddah,Job Fair,Passed,Shortlisted,,Not Applicable,In Progress,,Khalid,
CAND-1483,Rana Al-Harbi,2026-04-24,Female,41,Saudi,Bachelor's,Business Admin,17.9,Operations,Operations Coordinator,Jeddah,LinkedIn,Failed,Not Applicable,,Not Applicable,Rejected,,Fahad,
CAND-1484,Reem Al-Harbi,2026-07-12,Female,45,Non-Saudi,Master's,Information Tech,15.5,IT,Software Engineer,Riyadh,Bayt,Passed,Interviewed,90,Offered,Hired,2026-09-02,Sara,52
CAND-1485,Huda Al-Dossari,2026-02-04,Female,30,Saudi,Master's,Marketing,4.4,Sales,Sales Coordinator,Jeddah,Bayt,Passed,Interviewed,97,Not Applicable,Rejected,,Mona,
CAND-1486,Faisal Al-Shehri,2026-01-16,Male,31,Saudi,Diploma,Finance,2.9,Finance,Financial Analyst,Jeddah,LinkedIn,Passed,Interviewed,45,Not Applicable,Rejected,,Sara,
CAND-1487,Turki Al-Salem,2026-05-01,Male,41,Saudi,Bachelor's,Human Resources,7.4,HR,HR Operations Officer,Riyadh,Indeed,Passed,Interviewed,93,Declined,Withdrawn,,Noura,
CAND-1488,Saeed Al-Otaibi,2026-04-13,Male,35,Saudi,Diploma,Information Tech,5.7,IT,Software Engineer,Jeddah,Bayt,Passed,Interviewed,59,Not Applicable,Rejected,,Sara,
CAND-1489,Bader Al-Otaibi,2026-05-29,Male,25,Saudi,Bachelor's,Media & Communication,1.1,Marketing,Content Specialist,Jeddah,Indeed,Failed,Not Applicable,,Not Applicable,Rejected,,Noura,
CAND-1490,Khaled Al-Dossari,2026-08-26,Male,23,Saudi,Diploma,Marketing,0.7,Sales,Sales Coordinator,Riyadh,Job Fair,Passed,Shortlisted,,Not Applicable,In Progress,,Ahmad,
CAND-1491,Sultan Al-Qahtani,2026-01-15,Male,46,Non-Saudi,Bachelor's,Human Resources,22.6,HR,HR Specialist,Riyadh,Indeed,Failed,Not Applicable,,Not Applicable,Rejected,,Fahad,
CAND-1492,Mohammed Al-Mutairi,2026-01-23,Male,33,Saudi,Bachelor's,Information Tech,2.3,IT,Software Engineer,Jeddah,Job Fair,Failed,Not Applicable,,Not Applicable,Rejected,,Ahmad,
CAND-1493,Majed Al-Nasser,2026-04-16,Male,37,Saudi,Bachelor's,Marketing,12.0,Sales,Sales Coordinator,Jeddah,Company Website,Passed,Failed Interview,,Not Applicable,Rejected,,Ahmad,
CAND-1494,Ahmed Al-Salem,2026-06-05,Male,35,Saudi,Bachelor's,Computer Science,1.0,IT,IT Support Specialist,Dammam,Job Fair,Passed,Failed Interview,,Not Applicable,Rejected,,Noura,
CAND-1495,Turki Al-Qahtani,2026-07-02,Male,42,Saudi,Diploma,Marketing,19.4,Sales,Sales Coordinator,Jeddah,Employee Referral,Passed,Interviewed,89,Offered,Hired,2026-08-09,Fahad,38
CAND-1496,Yousef Al-Mutairi,2026-01-31,Male,33,Saudi,Bachelor's,Business Admin,9.9,Sales,Account Executive,Jeddah,Company Website,Passed,Interviewed,52,Not Applicable,Rejected,,Fahad,
CAND-1497,Ali Al-Hassan,2026-08-31,Male,25,Saudi,Diploma,Marketing,1.9,Marketing,Marketing Coordinator,Riyadh,Indeed,Failed,Not Applicable,,Not Applicable,Rejected,,Noura,
CAND-1498,Ali Al-Salem,2026-04-13,Male,26,Saudi,Diploma,Accounting,3.3,Finance,Senior Accountant,Riyadh,Job Fair,Passed,Interviewed,89,Offered,Accepted,,Mona,
CAND-1499,Ahmed Al-Harbi,2026-09-01,Male,32,Saudi,Master's,Human Resources,0.7,HR,HR Analyst,Riyadh,Bayt,Passed,Shortlisted,,Not Applicable,In Progress,,Sara,
CAND-1500,Fahad Al-Otaibi,2026-08-16,Male,30,Non-Saudi,Diploma,Accounting,6.8,Finance,Senior Accountant,Riyadh,Bayt,Failed,Not Applicable,,Not Applicable,Rejected,,Sara,